gene1,strand1,chrom1,gene2,strand2,chrom2,RNA_split_read_count,variant_count,DNA_split_reads_at_variants,variant_names,transcript_length,score
BPTF,antisense,17,hsa-mir-6080,antisense,17,2,0,,,3202377,0.00
BPTF,antisense,17,hsa-mir-6080,sense,17,2,0,,,3234713,0.00
BPTF,sense,17,hsa-mir-6080,antisense,17,2,0,,,3043523,0.00
BPTF,sense,17,hsa-mir-6080,sense,17,2,0,,,3075859,0.00
LINC00536,antisense,8,PVT1,antisense,8,40,2,150|157,12938|10322,368182,65.00
LINC00536,antisense,8,PVT1,antisense,8,40,2,127|157,12939|10322,368206,62.00
LINC00536,antisense,8,PVT1,antisense,8,40,2,150|25,12938|10321,368140,52.00
LINC00536,antisense,8,PVT1,antisense,8,40,2,127|25,12939|10321,368164,52.00
LINC00536,antisense,8,PVT1,antisense,8,40,2,150|13,12938|10323,367997,51.00
LINC00536,antisense,8,PVT1,antisense,8,40,2,127|13,12939|10323,368021,51.00
LINC00536,antisense,8,PVT1,antisense,8,40,3,150|157|40,12938|10322|8881,353743,24.00
LINC00536,antisense,8,PVT1,antisense,8,40,3,127|157|40,12939|10322|8881,353767,24.00
LINC00536,antisense,8,PVT1,antisense,8,40,3,150|25|40,12938|10321|8881,353701,22.00
LINC00536,antisense,8,PVT1,antisense,8,40,3,127|25|40,12939|10321|8881,353725,22.00
LINC00536,antisense,8,PVT1,antisense,8,40,3,150|13|40,12938|10323|8881,353558,21.00
LINC00536,antisense,8,PVT1,antisense,8,40,3,127|13|40,12939|10323|8881,353582,21.00
MLH1,antisense,3,SUMF1,antisense,3,12,1,46,3670,221554,104.00
MLH1,sense,3,SUMF1,antisense,3,12,1,46,3670,294111,74.00
MLH1,antisense,3,SUMF1,antisense,3,12,4,15|45|24|46,3641|3696|3643|3670,20079380,21.00
MLH1,antisense,3,SUMF1,antisense,3,12,4,24|45|15|46,3643|3696|3641|3670,20079380,21.00
MLH1,antisense,3,SUMF1,sense,3,12,1,19,3700,11156881,21.00
MLH1,antisense,3,SUMF1,sense,3,12,2,15|19,3641|3700,10367792,21.00
MLH1,sense,3,SUMF1,antisense,3,12,4,15|45|24|46,3641|3696|3643|3670,20006823,21.00
MLH1,sense,3,SUMF1,antisense,3,12,4,24|45|15|46,3643|3696|3641|3670,20006823,21.00
MLH1,sense,3,SUMF1,sense,3,12,1,19,3700,11084324,21.00
MLH1,sense,3,SUMF1,sense,3,12,2,15|19,3641|3700,10295235,21.00
STAU1,sense,20,TOX2,antisense,20,6,1,35,25020,70550,73.00
LINC00536,sense,8,MIR1207,sense,8,3,1,245,10324,323201,120.00
LINC00536,sense,8,MIR1207,sense,8,3,1,157,10322,322943,115.00
LINC00536,sense,8,MIR1207,sense,8,3,1,25,10321,322901,102.00
LINC00536,sense,8,MIR1207,sense,8,3,1,13,10323,322758,101.00
LINC00536,sense,8,MIR1207,antisense,8,3,1,245,10324,323287,90.00
LINC00536,sense,8,MIR1207,antisense,8,3,1,157,10322,323029,85.00
LINC00536,sense,8,MIR1207,antisense,8,3,1,25,10321,322987,72.00
LINC00536,sense,8,MIR1207,antisense,8,3,1,13,10323,322844,71.00
LINC00536,antisense,8,MIR1207,antisense,8,3,2,150|157,12938|10322,113563,65.00
LINC00536,antisense,8,MIR1207,antisense,8,3,2,150|245,12938|10324,113821,65.00
LINC00536,antisense,8,MIR1207,antisense,8,3,2,136|157,12936|10322,114121,63.00
LINC00536,antisense,8,MIR1207,antisense,8,3,2,136|245,12936|10324,114379,63.00
LINC00536,antisense,8,MIR1207,antisense,8,3,2,127|157,12939|10322,113587,62.00
LINC00536,antisense,8,MIR1207,antisense,8,3,2,127|245,12939|10324,113845,62.00
LINC00536,antisense,8,MIR1207,sense,8,3,2,150|245,12938|10324,113735,55.00
LINC00536,antisense,8,MIR1207,sense,8,3,2,150|157,12938|10322,113477,55.00
LINC00536,antisense,8,MIR1207,antisense,8,3,2,41|157,12937|10322,113929,54.00
LINC00536,antisense,8,MIR1207,antisense,8,3,2,41|245,12937|10324,114187,54.00
LINC00536,antisense,8,MIR1207,sense,8,3,2,136|157,12936|10322,114035,53.00
LINC00536,antisense,8,MIR1207,sense,8,3,2,136|245,12936|10324,114293,53.00
LINC00536,antisense,8,MIR1207,antisense,8,3,2,127|25,12939|10321,113545,52.00
LINC00536,antisense,8,MIR1207,antisense,8,3,2,150|25,12938|10321,113521,52.00
LINC00536,antisense,8,MIR1207,sense,8,3,2,127|245,12939|10324,113759,52.00
LINC00536,antisense,8,MIR1207,antisense,8,3,2,41|25,12937|10321,113887,52.00
LINC00536,antisense,8,MIR1207,sense,8,3,2,127|157,12939|10322,113501,52.00
LINC00536,antisense,8,MIR1207,antisense,8,3,2,136|25,12936|10321,114079,52.00
LINC00536,antisense,8,MIR1207,antisense,8,3,2,136|13,12936|10323,113936,51.00
LINC00536,antisense,8,MIR1207,antisense,8,3,2,127|13,12939|10323,113402,51.00
LINC00536,antisense,8,MIR1207,antisense,8,3,2,150|13,12938|10323,113378,51.00
LINC00536,antisense,8,MIR1207,antisense,8,3,2,41|13,12937|10323,113744,51.00
LINC00536,antisense,8,MIR1207,sense,8,3,2,41|157,12937|10322,113843,44.00
LINC00536,antisense,8,MIR1207,sense,8,3,2,41|245,12937|10324,114101,44.00
LINC00536,antisense,8,MIR1207,sense,8,3,2,136|25,12936|10321,113993,42.00
LINC00536,antisense,8,MIR1207,sense,8,3,2,127|25,12939|10321,113459,42.00
LINC00536,antisense,8,MIR1207,sense,8,3,2,150|25,12938|10321,113435,42.00
LINC00536,antisense,8,MIR1207,sense,8,3,2,41|25,12937|10321,113801,42.00
LINC00536,antisense,8,MIR1207,sense,8,3,2,41|13,12937|10323,113658,41.00
LINC00536,antisense,8,MIR1207,sense,8,3,2,127|13,12939|10323,113316,41.00
LINC00536,antisense,8,MIR1207,sense,8,3,2,150|13,12938|10323,113292,41.00
LINC00536,antisense,8,MIR1207,sense,8,3,2,136|13,12936|10323,113850,41.00
LINC00536,antisense,8,MIR1207,antisense,8,3,4,301|31|127|157,12693|12694|12939|10322,672780,23.00
LINC00536,antisense,8,MIR1207,antisense,8,3,4,301|31|150|157,12693|12694|12938|10322,672756,23.00
LINC00536,antisense,8,MIR1207,antisense,8,3,4,31|301|127|157,12694|12693|12939|10322,672780,23.00
LINC00536,antisense,8,MIR1207,antisense,8,3,4,31|301|150|157,12694|12693|12938|10322,672756,23.00
LINC00536,antisense,8,MIR1207,sense,8,3,4,301|31|127|157,12693|12694|12939|10322,672694,23.00
LINC00536,antisense,8,MIR1207,sense,8,3,4,301|31|150|157,12693|12694|12938|10322,672670,23.00
LINC00536,antisense,8,MIR1207,sense,8,3,4,31|301|127|157,12694|12693|12939|10322,672694,23.00
LINC00536,antisense,8,MIR1207,sense,8,3,4,31|301|150|157,12694|12693|12938|10322,672670,23.00
TBC1D31,sense,8,ZNF704,sense,8,6,1,19,14274,261300,101.00
CDC42P1,antisense,20,DHX35,antisense,20,4,1,53,25134,42769,155.00
CDC42P1,sense,20,DHX35,antisense,20,4,1,53,25134,43316,75.00
PDE4DIP,sense,1,RP6-206I17.1,antisense,1,2,0,,,1330769,0.00
PDE4DIP,sense,1,RP6-206I17.1,sense,1,2,0,,,1428548,0.00
PDE4DIP,antisense,1,RP6-206I17.1,antisense,1,2,0,,,1090740,0.00
PDE4DIP,antisense,1,RP6-206I17.1,sense,1,2,0,,,1188519,0.00
RABGAP1L,sense,1,TUSC3,antisense,8,3,1,41,27402,20538860,24.00
RABGAP1L,antisense,1,TUSC3,sense,8,3,1,41,27402,21025323,24.00
RABGAP1L,sense,1,TUSC3,sense,8,3,1,41,27402,20189426,24.00
RABGAP1L,antisense,1,TUSC3,antisense,8,3,1,41,27402,21374757,24.00
RABGAP1L,antisense,1,TUSC3,sense,8,3,3,41|13|41,27402|27404|27402,21027982,21.00
RABGAP1L,sense,1,TUSC3,sense,8,3,4,41|13|41|17,27402|27404|27402|16835,20173393,21.00
RABGAP1L,sense,1,TUSC3,antisense,8,3,4,41|19|41|17,27402|27403|27402|16835,20522483,21.00
RABGAP1L,sense,1,TUSC3,antisense,8,3,3,41|19|41,27402|27403|27402,20541175,21.00
RABGAP1L,sense,1,TUSC3,antisense,8,3,4,41|13|41|17,27402|27404|27402|16835,20522827,21.00
RABGAP1L,sense,1,TUSC3,antisense,8,3,3,41|13|41,27402|27404|27402,20541519,21.00
RABGAP1L,sense,1,TUSC3,sense,8,3,2,41|17,27402|16835,20170734,21.00
RABGAP1L,sense,1,TUSC3,sense,8,3,4,41|19|41|17,27402|27403|27402|16835,20173049,21.00
RABGAP1L,sense,1,TUSC3,sense,8,3,3,41|19|41,27402|27403|27402,20191741,21.00
RABGAP1L,sense,1,TUSC3,sense,8,3,3,41|13|41,27402|27404|27402,20192085,21.00
RABGAP1L,antisense,1,TUSC3,sense,8,3,4,41|13|41|17,27402|27404|27402|16835,21009290,21.00
RABGAP1L,antisense,1,TUSC3,antisense,8,3,2,41|17,27402|16835,21356065,21.00
RABGAP1L,antisense,1,TUSC3,antisense,8,3,4,41|19|41|17,27402|27403|27402|16835,21358380,21.00
RABGAP1L,antisense,1,TUSC3,antisense,8,3,3,41|19|41,27402|27403|27402,21377072,21.00
RABGAP1L,antisense,1,TUSC3,antisense,8,3,4,41|13|41|17,27402|27404|27402|16835,21358724,21.00
RABGAP1L,antisense,1,TUSC3,antisense,8,3,3,41|13|41,27402|27404|27402,21377416,21.00
RABGAP1L,antisense,1,TUSC3,sense,8,3,2,41|17,27402|16835,21006631,21.00
RABGAP1L,antisense,1,TUSC3,sense,8,3,4,41|19|41|17,27402|27403|27402|16835,21008946,21.00
RABGAP1L,antisense,1,TUSC3,sense,8,3,3,41|19|41,27402|27403|27402,21027638,21.00
RABGAP1L,sense,1,TUSC3,antisense,8,3,2,41|17,27402|16835,20520168,21.00
LINC00536,sense,8,RNU4-25P,sense,8,9,1,245,10324,362057,120.00
LINC00536,sense,8,RNU4-25P,sense,8,9,1,157,10322,361799,115.00
LINC00536,sense,8,RNU4-25P,sense,8,9,1,25,10321,361757,102.00
LINC00536,sense,8,RNU4-25P,sense,8,9,1,13,10323,361614,101.00
LINC00536,sense,8,RNU4-25P,antisense,8,9,1,245,10324,361828,90.00
LINC00536,sense,8,RNU4-25P,antisense,8,9,1,157,10322,361570,85.00
LINC00536,sense,8,RNU4-25P,antisense,8,9,1,25,10321,361528,72.00
LINC00536,sense,8,RNU4-25P,antisense,8,9,1,13,10323,361385,71.00
LINC00536,antisense,8,RNU4-25P,antisense,8,9,2,150|245,12938|10324,152362,65.00
LINC00536,antisense,8,RNU4-25P,antisense,8,9,2,150|157,12938|10322,152104,65.00
LINC00536,antisense,8,RNU4-25P,antisense,8,9,2,136|245,12936|10324,152920,63.00
LINC00536,antisense,8,RNU4-25P,antisense,8,9,2,136|157,12936|10322,152662,63.00
LINC00536,antisense,8,RNU4-25P,antisense,8,9,2,127|245,12939|10324,152386,62.00
LINC00536,antisense,8,RNU4-25P,antisense,8,9,2,127|157,12939|10322,152128,62.00
LINC00536,antisense,8,RNU4-25P,sense,8,9,2,150|157,12938|10322,152333,55.00
LINC00536,antisense,8,RNU4-25P,sense,8,9,2,150|245,12938|10324,152591,55.00
LINC00536,antisense,8,RNU4-25P,antisense,8,9,2,41|245,12937|10324,152728,54.00
LINC00536,antisense,8,RNU4-25P,antisense,8,9,2,41|157,12937|10322,152470,54.00
LINC00536,antisense,8,RNU4-25P,sense,8,9,2,136|245,12936|10324,153149,53.00
LINC00536,antisense,8,RNU4-25P,sense,8,9,2,136|157,12936|10322,152891,53.00
LINC00536,antisense,8,RNU4-25P,antisense,8,9,2,127|25,12939|10321,152086,52.00
LINC00536,antisense,8,RNU4-25P,antisense,8,9,2,150|25,12938|10321,152062,52.00
LINC00536,antisense,8,RNU4-25P,sense,8,9,2,127|245,12939|10324,152615,52.00
LINC00536,antisense,8,RNU4-25P,sense,8,9,2,127|157,12939|10322,152357,52.00
LINC00536,antisense,8,RNU4-25P,antisense,8,9,2,136|25,12936|10321,152620,52.00
LINC00536,antisense,8,RNU4-25P,antisense,8,9,2,41|25,12937|10321,152428,52.00
LINC00536,antisense,8,RNU4-25P,antisense,8,9,2,150|13,12938|10323,151919,51.00
LINC00536,antisense,8,RNU4-25P,antisense,8,9,2,127|13,12939|10323,151943,51.00
LINC00536,antisense,8,RNU4-25P,antisense,8,9,2,41|13,12937|10323,152285,51.00
LINC00536,antisense,8,RNU4-25P,antisense,8,9,2,136|13,12936|10323,152477,51.00
LINC00536,antisense,8,RNU4-25P,sense,8,9,2,41|245,12937|10324,152957,44.00
LINC00536,antisense,8,RNU4-25P,sense,8,9,2,41|157,12937|10322,152699,44.00
LINC00536,antisense,8,RNU4-25P,sense,8,9,2,41|25,12937|10321,152657,42.00
LINC00536,antisense,8,RNU4-25P,sense,8,9,2,136|25,12936|10321,152849,42.00
LINC00536,antisense,8,RNU4-25P,sense,8,9,2,150|25,12938|10321,152291,42.00
LINC00536,antisense,8,RNU4-25P,sense,8,9,2,127|25,12939|10321,152315,42.00
LINC00536,antisense,8,RNU4-25P,sense,8,9,2,150|13,12938|10323,152148,41.00
LINC00536,antisense,8,RNU4-25P,sense,8,9,2,136|13,12936|10323,152706,41.00
LINC00536,antisense,8,RNU4-25P,sense,8,9,2,127|13,12939|10323,152172,41.00
LINC00536,antisense,8,RNU4-25P,sense,8,9,2,41|13,12937|10323,152514,41.00
LINC00536,antisense,8,RNU4-25P,antisense,8,9,4,301|31|150|157,12693|12694|12938|10322,711297,23.00
LINC00536,antisense,8,RNU4-25P,sense,8,9,4,301|31|127|157,12693|12694|12939|10322,711550,23.00
LINC00536,antisense,8,RNU4-25P,sense,8,9,4,301|31|150|157,12693|12694|12938|10322,711526,23.00
LINC00536,antisense,8,RNU4-25P,antisense,8,9,4,301|31|127|157,12693|12694|12939|10322,711321,23.00
LINC00536,antisense,8,RNU4-25P,sense,8,9,4,31|301|150|157,12694|12693|12938|10322,711526,23.00
LINC00536,antisense,8,RNU4-25P,antisense,8,9,4,31|301|150|157,12694|12693|12938|10322,711297,23.00
LINC00536,antisense,8,RNU4-25P,antisense,8,9,4,31|301|127|157,12694|12693|12939|10322,711321,23.00
LINC00536,antisense,8,RNU4-25P,sense,8,9,4,31|301|127|157,12694|12693|12939|10322,711550,23.00
PDE4DIP,sense,1,RP11-277L2.3,antisense,1,2,0,,,4501110,0.00
PDE4DIP,sense,1,RP11-277L2.3,sense,1,2,0,,,4500408,0.00
PDE4DIP,antisense,1,RP11-277L2.3,antisense,1,2,0,,,4741139,0.00
PDE4DIP,antisense,1,RP11-277L2.3,sense,1,2,0,,,4740437,0.00
LINC00536,sense,8,MIR1205,sense,8,32,1,245,10324,411744,120.00
LINC00536,sense,8,MIR1205,sense,8,32,1,157,10322,411486,115.00
LINC00536,sense,8,MIR1205,sense,8,32,1,25,10321,411444,102.00
LINC00536,sense,8,MIR1205,sense,8,32,1,13,10323,411301,101.00
LINC00536,sense,8,MIR1205,antisense,8,32,1,245,10324,411806,90.00
LINC00536,sense,8,MIR1205,antisense,8,32,1,157,10322,411548,85.00
LINC00536,sense,8,MIR1205,antisense,8,32,1,25,10321,411506,72.00
LINC00536,sense,8,MIR1205,antisense,8,32,1,13,10323,411363,71.00
LINC00536,antisense,8,MIR1205,antisense,8,32,2,150|157,12938|10322,202082,65.00
LINC00536,antisense,8,MIR1205,antisense,8,32,2,150|245,12938|10324,202340,65.00
LINC00536,antisense,8,MIR1205,antisense,8,32,2,136|157,12936|10322,202640,63.00
LINC00536,antisense,8,MIR1205,antisense,8,32,2,136|245,12936|10324,202898,63.00
LINC00536,antisense,8,MIR1205,antisense,8,32,2,127|157,12939|10322,202106,62.00
LINC00536,antisense,8,MIR1205,antisense,8,32,2,127|245,12939|10324,202364,62.00
LINC00536,antisense,8,MIR1205,sense,8,32,2,150|245,12938|10324,202278,55.00
LINC00536,antisense,8,MIR1205,sense,8,32,2,150|157,12938|10322,202020,55.00
LINC00536,antisense,8,MIR1205,antisense,8,32,2,41|157,12937|10322,202448,54.00
LINC00536,antisense,8,MIR1205,antisense,8,32,2,41|245,12937|10324,202706,54.00
LINC00536,antisense,8,MIR1205,sense,8,32,2,136|157,12936|10322,202578,53.00
LINC00536,antisense,8,MIR1205,sense,8,32,2,136|245,12936|10324,202836,53.00
LINC00536,antisense,8,MIR1205,antisense,8,32,2,127|25,12939|10321,202064,52.00
LINC00536,antisense,8,MIR1205,antisense,8,32,2,150|25,12938|10321,202040,52.00
LINC00536,antisense,8,MIR1205,sense,8,32,2,127|245,12939|10324,202302,52.00
LINC00536,antisense,8,MIR1205,antisense,8,32,2,41|25,12937|10321,202406,52.00
LINC00536,antisense,8,MIR1205,sense,8,32,2,127|157,12939|10322,202044,52.00
LINC00536,antisense,8,MIR1205,antisense,8,32,2,136|25,12936|10321,202598,52.00
LINC00536,antisense,8,MIR1205,antisense,8,32,2,136|13,12936|10323,202455,51.00
LINC00536,antisense,8,MIR1205,antisense,8,32,2,127|13,12939|10323,201921,51.00
LINC00536,antisense,8,MIR1205,antisense,8,32,2,150|13,12938|10323,201897,51.00
LINC00536,antisense,8,MIR1205,antisense,8,32,2,41|13,12937|10323,202263,51.00
LINC00536,antisense,8,MIR1205,sense,8,32,2,41|157,12937|10322,202386,44.00
LINC00536,antisense,8,MIR1205,sense,8,32,2,41|245,12937|10324,202644,44.00
LINC00536,antisense,8,MIR1205,sense,8,32,2,136|25,12936|10321,202536,42.00
LINC00536,antisense,8,MIR1205,sense,8,32,2,127|25,12939|10321,202002,42.00
LINC00536,antisense,8,MIR1205,sense,8,32,2,150|25,12938|10321,201978,42.00
LINC00536,antisense,8,MIR1205,sense,8,32,2,41|25,12937|10321,202344,42.00
LINC00536,antisense,8,MIR1205,sense,8,32,2,41|13,12937|10323,202201,41.00
LINC00536,antisense,8,MIR1205,sense,8,32,2,127|13,12939|10323,201859,41.00
LINC00536,antisense,8,MIR1205,sense,8,32,2,150|13,12938|10323,201835,41.00
LINC00536,antisense,8,MIR1205,sense,8,32,2,136|13,12936|10323,202393,41.00
LINC00536,antisense,8,MIR1205,antisense,8,32,4,301|31|127|157,12693|12694|12939|10322,761299,23.00
LINC00536,antisense,8,MIR1205,antisense,8,32,4,301|31|150|157,12693|12694|12938|10322,761275,23.00
LINC00536,antisense,8,MIR1205,antisense,8,32,4,31|301|127|157,12694|12693|12939|10322,761299,23.00
LINC00536,antisense,8,MIR1205,antisense,8,32,4,31|301|150|157,12694|12693|12938|10322,761275,23.00
LINC00536,antisense,8,MIR1205,sense,8,32,4,301|31|127|157,12693|12694|12939|10322,761237,23.00
LINC00536,antisense,8,MIR1205,sense,8,32,4,301|31|150|157,12693|12694|12938|10322,761213,23.00
LINC00536,antisense,8,MIR1205,sense,8,32,4,31|301|127|157,12694|12693|12939|10322,761237,23.00
LINC00536,antisense,8,MIR1205,sense,8,32,4,31|301|150|157,12694|12693|12938|10322,761213,23.00
CYTH1,sense,17,MTBP,sense,8,3,1,71,27144,44682,157.00
PREX1,sense,20,RNU6-759P,sense,20,13,1,16,25085,308987,101.00
PREX1,sense,20,RNU6-759P,antisense,20,13,1,16,25085,308885,71.00
PREX1,sense,20,RNU6-759P,antisense,20,13,3,16|11|29,24920|24834|25047,2964042,21.00
PREX1,sense,20,RNU6-759P,antisense,20,13,2,16|29,24920|25047,2368593,21.00
PREX1,sense,20,RNU6-759P,antisense,20,13,3,24|10|10,24977|25086|25150,2037924,21.00
PREX1,sense,20,RNU6-759P,antisense,20,13,2,24|10,24977|25086,1724708,21.00
PREX1,sense,20,RNU6-759P,sense,20,13,3,16|11|29,24920|24834|25047,2964144,21.00
PREX1,sense,20,RNU6-759P,sense,20,13,2,16|29,24920|25047,2368695,21.00
PREX1,sense,20,RNU6-759P,sense,20,13,3,24|10|10,24977|25086|25150,2037822,21.00
PREX1,sense,20,RNU6-759P,sense,20,13,2,24|10,24977|25086,1724606,21.00
PREX1,antisense,20,RNU6-759P,antisense,20,13,3,16|11|29,24920|24834|25047,3167672,21.00
PREX1,antisense,20,RNU6-759P,antisense,20,13,2,16|29,24920|25047,2572223,21.00
PREX1,antisense,20,RNU6-759P,sense,20,13,3,16|11|29,24920|24834|25047,3167774,21.00
PREX1,antisense,20,RNU6-759P,sense,20,13,2,16|29,24920|25047,2572325,21.00
LMCD1-AS1,antisense,3,RP11-641D5.1,antisense,3,6,1,55,3388,195041,105.00
LMCD1-AS1,antisense,3,RP11-641D5.1,sense,3,6,1,55,3388,194632,75.00
RP11-1250I15.3,antisense,5,RP11-497H16.8,antisense,5,2,1,20,5431,53008300,22.00
RP11-1250I15.3,antisense,5,RP11-497H16.8,antisense,5,2,1,20,5431,53008300,22.00
RP11-1250I15.3,antisense,5,RP11-497H16.8,sense,5,2,1,20,5431,53002497,22.00
RP11-1250I15.3,antisense,5,RP11-497H16.8,sense,5,2,1,20,5431,53002497,22.00
RP11-1250I15.3,sense,5,RP11-497H16.8,antisense,5,2,1,20,5431,53007654,22.00
RP11-1250I15.3,sense,5,RP11-497H16.8,antisense,5,2,1,20,5431,53007654,22.00
RP11-1250I15.3,sense,5,RP11-497H16.8,sense,5,2,1,20,5431,53001851,22.00
RP11-1250I15.3,sense,5,RP11-497H16.8,sense,5,2,1,20,5431,53001851,22.00
RP11-1250I15.3,antisense,5,RP11-497H16.8,antisense,5,2,0,,,35637858,0.00
RP11-1250I15.3,antisense,5,RP11-497H16.8,sense,5,2,0,,,35632055,0.00
RP11-1250I15.3,sense,5,RP11-497H16.8,antisense,5,2,0,,,35638504,0.00
RP11-1250I15.3,sense,5,RP11-497H16.8,sense,5,2,0,,,35632701,0.00
RP11-1084J3.4,sense,5,RP11-497H16.8,antisense,5,2,1,20,5431,52974061,22.00
RP11-1084J3.4,sense,5,RP11-497H16.8,antisense,5,2,1,20,5431,52974061,22.00
RP11-1084J3.4,sense,5,RP11-497H16.8,sense,5,2,1,20,5431,52968258,22.00
RP11-1084J3.4,sense,5,RP11-497H16.8,sense,5,2,1,20,5431,52968258,22.00
RP11-1084J3.4,antisense,5,RP11-497H16.8,antisense,5,2,1,20,5431,52836707,22.00
RP11-1084J3.4,antisense,5,RP11-497H16.8,antisense,5,2,1,20,5431,52836707,22.00
RP11-1084J3.4,antisense,5,RP11-497H16.8,sense,5,2,1,20,5431,52830904,22.00
RP11-1084J3.4,antisense,5,RP11-497H16.8,sense,5,2,1,20,5431,52830904,22.00
RP11-1084J3.4,sense,5,RP11-497H16.8,antisense,5,2,0,,,35672097,0.00
RP11-1084J3.4,sense,5,RP11-497H16.8,sense,5,2,0,,,35666294,0.00
RP11-1084J3.4,antisense,5,RP11-497H16.8,antisense,5,2,0,,,35809451,0.00
RP11-1084J3.4,antisense,5,RP11-497H16.8,sense,5,2,0,,,35803648,0.00
FAM172A,sense,5,NPM1,sense,5,6,1,12,4973,56318253,21.00
FAM172A,sense,5,NPM1,sense,5,6,2,32|12,5029|4973,56301100,21.00
FAM172A,sense,5,NPM1,sense,5,6,2,28|12,5030|4973,56300978,21.00
FAM172A,sense,5,NPM1,antisense,5,6,1,12,4973,56294232,21.00
FAM172A,sense,5,NPM1,antisense,5,6,2,32|12,5029|4973,56277079,21.00
FAM172A,sense,5,NPM1,antisense,5,6,2,28|12,5030|4973,56276957,21.00
FAM172A,antisense,5,NPM1,sense,5,6,1,12,4973,56811882,21.00
FAM172A,antisense,5,NPM1,sense,5,6,2,32|12,5029|4973,56794729,21.00
FAM172A,antisense,5,NPM1,sense,5,6,2,28|12,5030|4973,56794607,21.00
FAM172A,antisense,5,NPM1,antisense,5,6,1,12,4973,56787861,21.00
FAM172A,antisense,5,NPM1,antisense,5,6,2,32|12,5029|4973,56770708,21.00
FAM172A,antisense,5,NPM1,antisense,5,6,2,28|12,5030|4973,56770586,21.00
RP13-753N3.1,sense,17,TLK2,sense,17,9,1,30,22811,63508,153.00
RP13-753N3.1,antisense,17,TLK2,sense,17,9,1,30,22811,64527,73.00
NPM1,antisense,5,NPM1P27,antisense,5,6,1,12,4973,56746284,21.00
NPM1,antisense,5,NPM1P27,antisense,5,6,2,12|28,4973|5030,56729009,21.00
NPM1,antisense,5,NPM1P27,antisense,5,6,2,12|32,4973|5029,56729131,21.00
NPM1,antisense,5,NPM1P27,sense,5,6,1,12,4973,56747113,21.00
NPM1,antisense,5,NPM1P27,sense,5,6,2,12|28,4973|5030,56729838,21.00
NPM1,antisense,5,NPM1P27,sense,5,6,2,12|32,4973|5029,56729960,21.00
NPM1,sense,5,NPM1P27,antisense,5,6,1,12,4973,56722263,21.00
NPM1,sense,5,NPM1P27,antisense,5,6,2,12|28,4973|5030,56704988,21.00
NPM1,sense,5,NPM1P27,antisense,5,6,2,12|32,4973|5029,56705110,21.00
NPM1,sense,5,NPM1P27,sense,5,6,1,12,4973,56723092,21.00
NPM1,sense,5,NPM1P27,sense,5,6,2,12|28,4973|5030,56705817,21.00
NPM1,sense,5,NPM1P27,sense,5,6,2,12|32,4973|5029,56705939,21.00
KLHDC2,antisense,14,SNTB1,antisense,8,34,2,46|41,21434|27183,764996,54.00
KLHDC2,sense,14,SNTB1,antisense,8,34,2,46|41,21434|27183,749413,44.00
KLHDC2,antisense,14,SNTB1,sense,8,34,3,12|12|14,27078|27149|10623,27843,21.00
KLHDC2,sense,14,SNTB1,sense,8,34,3,12|12|14,27078|27149|10623,43426,21.00
NPIPB3,sense,16,RP11-347C12.2,antisense,16,2,0,,,8886807,0.00
NPIPB3,sense,16,RP11-347C12.2,sense,16,2,0,,,8774342,0.00
NPIPB3,antisense,16,RP11-347C12.2,antisense,16,2,0,,,8933137,0.00
NPIPB3,antisense,16,RP11-347C12.2,sense,16,2,0,,,8820672,0.00
ANKRD36,antisense,2,ANKRD36C,antisense,2,4,0,,,1272717,0.00
ANKRD36,antisense,2,ANKRD36C,sense,2,4,0,,,1415671,0.00
ANKRD36,sense,2,ANKRD36C,antisense,2,4,0,,,2391692,0.00
ANKRD36,sense,2,ANKRD36C,antisense,2,4,0,,,148308,0.00
ANKRD36,sense,2,ANKRD36C,sense,2,4,0,,,1264646,0.00
ACBD6,sense,1,RFWD2,antisense,1,2,0,,,18148617,0.00
ACBD6,sense,1,RFWD2,antisense,1,2,0,,,9557697,0.00
ACBD6,sense,1,RFWD2,sense,1,2,0,,,18411279,0.00
ACBD6,sense,1,RFWD2,sense,1,2,0,,,9295035,0.00
ACBD6,antisense,1,RFWD2,antisense,1,2,0,,,17921043,0.00
ACBD6,antisense,1,RFWD2,antisense,1,2,0,,,9785271,0.00
ACBD6,antisense,1,RFWD2,sense,1,2,0,,,18183705,0.00
ACBD6,antisense,1,RFWD2,sense,1,2,0,,,9522609,0.00
SAMD12,antisense,8,TRPS1,sense,8,2,2,15|25,12308|12673,725402,41.00
BPTF,antisense,17,RP13-104F24.3,sense,17,2,0,,,3233065,0.00
BPTF,antisense,17,RP13-104F24.3,antisense,17,2,0,,,3233956,0.00
BPTF,sense,17,RP13-104F24.3,sense,17,2,0,,,3074211,0.00
BPTF,sense,17,RP13-104F24.3,antisense,17,2,0,,,3075102,0.00
RP11-1250I15.3,antisense,5,RP11-497H16.5,antisense,5,2,1,20,5431,53062663,22.00
RP11-1250I15.3,antisense,5,RP11-497H16.5,antisense,5,2,1,20,5431,53062663,22.00
RP11-1250I15.3,antisense,5,RP11-497H16.5,sense,5,2,1,20,5431,53023784,22.00
RP11-1250I15.3,antisense,5,RP11-497H16.5,sense,5,2,1,20,5431,53023784,22.00
RP11-1250I15.3,sense,5,RP11-497H16.5,antisense,5,2,1,20,5431,53062017,22.00
RP11-1250I15.3,sense,5,RP11-497H16.5,antisense,5,2,1,20,5431,53062017,22.00
RP11-1250I15.3,sense,5,RP11-497H16.5,sense,5,2,1,20,5431,53023138,22.00
RP11-1250I15.3,sense,5,RP11-497H16.5,sense,5,2,1,20,5431,53023138,22.00
RP11-1250I15.3,antisense,5,RP11-497H16.5,antisense,5,2,0,,,35692221,0.00
RP11-1250I15.3,antisense,5,RP11-497H16.5,sense,5,2,0,,,35653342,0.00
RP11-1250I15.3,sense,5,RP11-497H16.5,antisense,5,2,0,,,35692867,0.00
RP11-1250I15.3,sense,5,RP11-497H16.5,sense,5,2,0,,,35653988,0.00
NPIPB3,sense,16,RP11-347C12.1,antisense,16,2,0,,,8805943,0.00
NPIPB3,sense,16,RP11-347C12.1,sense,16,2,0,,,8774370,0.00
NPIPB3,antisense,16,RP11-347C12.1,antisense,16,2,0,,,8852273,0.00
NPIPB3,antisense,16,RP11-347C12.1,sense,16,2,0,,,8820700,0.00
PREX1,sense,20,RBM12,sense,20,13,1,16,25085,307390,101.00
PREX1,sense,20,RBM12,antisense,20,13,1,16,25085,291359,71.00
PREX1,sense,20,RBM12,antisense,20,13,3,16|11|29,24920|24834|25047,2946516,21.00
PREX1,sense,20,RBM12,antisense,20,13,2,16|29,24920|25047,2351067,21.00
PREX1,sense,20,RBM12,antisense,20,13,3,24|10|10,24977|25086|25150,2055450,21.00
PREX1,sense,20,RBM12,antisense,20,13,2,24|10,24977|25086,1742234,21.00
PREX1,sense,20,RBM12,sense,20,13,3,16|11|29,24920|24834|25047,2962547,21.00
PREX1,sense,20,RBM12,sense,20,13,2,16|29,24920|25047,2367098,21.00
PREX1,sense,20,RBM12,sense,20,13,3,24|10|10,24977|25086|25150,2039419,21.00
PREX1,sense,20,RBM12,sense,20,13,2,24|10,24977|25086,1726203,21.00
PREX1,antisense,20,RBM12,antisense,20,13,3,16|11|29,24920|24834|25047,3150146,21.00
PREX1,antisense,20,RBM12,antisense,20,13,2,16|29,24920|25047,2554697,21.00
PREX1,antisense,20,RBM12,sense,20,13,3,16|11|29,24920|24834|25047,3166177,21.00
PREX1,antisense,20,RBM12,sense,20,13,2,16|29,24920|25047,2570728,21.00
RP11-1250I15.3,antisense,5,RP11-497H16.6,sense,5,2,1,20,5431,53019992,22.00
RP11-1250I15.3,antisense,5,RP11-497H16.6,sense,5,2,1,20,5431,53019992,22.00
RP11-1250I15.3,antisense,5,RP11-497H16.6,antisense,5,2,1,20,5431,53015476,22.00
RP11-1250I15.3,antisense,5,RP11-497H16.6,antisense,5,2,1,20,5431,53015476,22.00
RP11-1250I15.3,sense,5,RP11-497H16.6,sense,5,2,1,20,5431,53019346,22.00
RP11-1250I15.3,sense,5,RP11-497H16.6,sense,5,2,1,20,5431,53019346,22.00
RP11-1250I15.3,sense,5,RP11-497H16.6,antisense,5,2,1,20,5431,53014830,22.00
RP11-1250I15.3,sense,5,RP11-497H16.6,antisense,5,2,1,20,5431,53014830,22.00
RP11-1250I15.3,antisense,5,RP11-497H16.6,sense,5,2,0,,,35649550,0.00
RP11-1250I15.3,antisense,5,RP11-497H16.6,antisense,5,2,0,,,35645034,0.00
RP11-1250I15.3,sense,5,RP11-497H16.6,sense,5,2,0,,,35650196,0.00
RP11-1250I15.3,sense,5,RP11-497H16.6,antisense,5,2,0,,,35645680,0.00
BPTF,antisense,17,RP13-104F24.1,antisense,17,2,0,,,3225773,0.00
BPTF,antisense,17,RP13-104F24.1,sense,17,2,0,,,3234458,0.00
BPTF,sense,17,RP13-104F24.1,antisense,17,2,0,,,3066919,0.00
BPTF,sense,17,RP13-104F24.1,sense,17,2,0,,,3075604,0.00
PREX1,sense,20,RP1-309K20.6,sense,20,14,1,16,25085,323975,101.00
PREX1,sense,20,RP1-309K20.6,antisense,20,14,1,16,25085,281771,71.00
PREX1,sense,20,RP1-309K20.6,antisense,20,14,3,16|11|29,24920|24834|25047,2936928,21.00
PREX1,sense,20,RP1-309K20.6,antisense,20,14,2,16|29,24920|25047,2341479,21.00
PREX1,sense,20,RP1-309K20.6,antisense,20,14,3,24|10|10,24977|25086|25150,2065038,21.00
PREX1,sense,20,RP1-309K20.6,antisense,20,14,2,24|10,24977|25086,1751822,21.00
PREX1,sense,20,RP1-309K20.6,sense,20,14,3,16|11|29,24920|24834|25047,2979132,21.00
PREX1,sense,20,RP1-309K20.6,sense,20,14,2,16|29,24920|25047,2383683,21.00
PREX1,sense,20,RP1-309K20.6,sense,20,14,3,24|10|10,24977|25086|25150,2022834,21.00
PREX1,sense,20,RP1-309K20.6,sense,20,14,2,24|10,24977|25086,1709618,21.00
PREX1,antisense,20,RP1-309K20.6,antisense,20,14,3,16|11|29,24920|24834|25047,3140558,21.00
PREX1,antisense,20,RP1-309K20.6,antisense,20,14,2,16|29,24920|25047,2545109,21.00
PREX1,antisense,20,RP1-309K20.6,sense,20,14,3,16|11|29,24920|24834|25047,3182762,21.00
PREX1,antisense,20,RP1-309K20.6,sense,20,14,2,16|29,24920|25047,2587313,21.00
PREX1,sense,20,RN7SKP271,sense,20,13,1,16,25085,312853,101.00
PREX1,sense,20,RN7SKP271,antisense,20,13,1,16,25085,313172,71.00
PREX1,sense,20,RN7SKP271,sense,20,13,3,16|11|29,24920|24834|25047,2968010,21.00
PREX1,sense,20,RN7SKP271,sense,20,13,2,16|29,24920|25047,2372561,21.00
PREX1,sense,20,RN7SKP271,sense,20,13,3,24|10|10,24977|25086|25150,2033956,21.00
PREX1,sense,20,RN7SKP271,sense,20,13,2,24|10,24977|25086,1720740,21.00
PREX1,sense,20,RN7SKP271,antisense,20,13,3,16|11|29,24920|24834|25047,2968329,21.00
PREX1,sense,20,RN7SKP271,antisense,20,13,2,16|29,24920|25047,2372880,21.00
PREX1,sense,20,RN7SKP271,antisense,20,13,3,24|10|10,24977|25086|25150,2033637,21.00
PREX1,sense,20,RN7SKP271,antisense,20,13,2,24|10,24977|25086,1720421,21.00
PREX1,antisense,20,RN7SKP271,sense,20,13,3,16|11|29,24920|24834|25047,3171640,21.00
PREX1,antisense,20,RN7SKP271,sense,20,13,2,16|29,24920|25047,2576191,21.00
PREX1,antisense,20,RN7SKP271,antisense,20,13,3,16|11|29,24920|24834|25047,3171959,21.00
PREX1,antisense,20,RN7SKP271,antisense,20,13,2,16|29,24920|25047,2576510,21.00
MALAT1,antisense,11,ZFP36L1,antisense,14,2,3,10|14|16,27091|27090|27139,15957085,21.00
MALAT1,antisense,11,ZFP36L1,antisense,14,2,1,16,27139,15955808,21.00
MALAT1,sense,11,ZFP36L1,sense,14,2,2,16|11,27139|21372,16530675,21.00
MALAT1,sense,11,ZFP36L1,sense,14,2,4,10|14|16|11,27091|27090|27139|21372,16531952,21.00
MALAT1,sense,11,ZFP36L1,sense,14,2,1,16,27139,15955914,21.00
MALAT1,sense,11,ZFP36L1,sense,14,2,3,10|14|16,27091|27090|27139,15957191,21.00
MALAT1,sense,11,ZFP36L1,antisense,14,2,2,16|11,27139|21372,16539488,21.00
MALAT1,sense,11,ZFP36L1,antisense,14,2,2,16|11,27139|21372,16539488,21.00
MALAT1,sense,11,ZFP36L1,antisense,14,2,4,10|14|16|11,27091|27090|27139|21372,16540765,21.00
MALAT1,sense,11,ZFP36L1,antisense,14,2,1,16,27139,15947101,21.00
MALAT1,sense,11,ZFP36L1,antisense,14,2,3,10|14|16,27091|27090|27139,15948378,21.00
MALAT1,antisense,11,ZFP36L1,sense,14,2,2,16|11,27139|21372,16539382,21.00
MALAT1,antisense,11,ZFP36L1,sense,14,2,2,16|11,27139|21372,16539382,21.00
MALAT1,antisense,11,ZFP36L1,sense,14,2,4,10|14|16|11,27091|27090|27139|21372,16540659,21.00
MALAT1,antisense,11,ZFP36L1,sense,14,2,1,16,27139,15964621,21.00
MALAT1,antisense,11,ZFP36L1,sense,14,2,3,10|14|16,27091|27090|27139,15965898,21.00
MALAT1,antisense,11,ZFP36L1,antisense,14,2,2,16|11,27139|21372,16548195,21.00
MALAT1,antisense,11,ZFP36L1,antisense,14,2,2,16|11,27139|21372,16548195,21.00
MALAT1,antisense,11,ZFP36L1,antisense,14,2,4,10|14|16|11,27091|27090|27139|21372,16549472,21.00
MALAT1,sense,11,ZFP36L1,sense,14,2,2,16|11,27139|21372,16530675,21.00
ERBB2,antisense,17,SAMD12,sense,8,5,3,89|10|15,27151|10006|12308,926331,21.00
ERBB2,antisense,17,SAMD12,sense,8,5,3,89|42|15,27151|10007|12308,925028,21.00
ERBB2,antisense,17,SAMD12,sense,8,5,3,123|10|15,27150|10006|12308,925789,21.00
ERBB2,antisense,17,SAMD12,sense,8,5,3,123|42|15,27150|10007|12308,924486,21.00
ERBB2,antisense,17,SAMD12,sense,8,5,3,89|117|15,27151|10009|12308,923736,21.00
ERBB2,antisense,17,SAMD12,sense,8,5,3,123|117|15,27150|10009|12308,923194,21.00
ERBB2,sense,17,SAMD12,sense,8,5,3,89|10|15,27151|10006|12308,968843,21.00
ERBB2,sense,17,SAMD12,sense,8,5,3,89|42|15,27151|10007|12308,967540,21.00
ERBB2,sense,17,SAMD12,sense,8,5,3,123|10|15,27150|10006|12308,968301,21.00
ERBB2,sense,17,SAMD12,sense,8,5,3,123|42|15,27150|10007|12308,966998,21.00
ERBB2,sense,17,SAMD12,sense,8,5,3,89|117|15,27151|10009|12308,966248,21.00
ERBB2,sense,17,SAMD12,sense,8,5,3,123|117|15,27150|10009|12308,965706,21.00
DHX35,sense,20,ITCH,sense,20,9,1,53,25134,152012,105.00
BPTF,antisense,17,RP11-927P21.5,antisense,17,2,0,,,3221666,0.00
BPTF,antisense,17,RP11-927P21.5,sense,17,2,0,,,3222464,0.00
BPTF,sense,17,RP11-927P21.5,antisense,17,2,0,,,3062812,0.00
BPTF,sense,17,RP11-927P21.5,sense,17,2,0,,,3063610,0.00
KLHDC2,antisense,14,MTBP,sense,8,34,3,12|12|14,27078|27149|10623,21455,21.00
KLHDC2,antisense,14,MTBP,antisense,8,34,3,12|12|14,27078|27149|10623,118188,21.00
KLHDC2,sense,14,MTBP,sense,8,34,3,12|12|14,27078|27149|10623,37038,21.00
KLHDC2,sense,14,MTBP,antisense,8,34,3,12|12|14,27078|27149|10623,133771,21.00
CDK12,sense,17,MTBP,sense,8,2,1,194,27153,343986,119.00
CDK12,sense,17,MTBP,sense,8,2,1,165,27152,343646,116.00
CDK12,antisense,17,MTBP,sense,8,2,1,194,27153,447382,89.00
CDK12,antisense,17,MTBP,sense,8,2,1,165,27152,447042,86.00
CDK12,antisense,17,MTBP,sense,8,2,3,107|40|165,27161|27160|27152,3632321,24.00
CDK12,sense,17,MTBP,sense,8,2,3,107|40|165,27161|27160|27152,3735717,24.00
CDK12,sense,17,MTBP,sense,8,2,3,40|107|165,27160|27161|27152,3735717,24.00
CDK12,antisense,17,MTBP,sense,8,2,3,40|107|165,27160|27161|27152,3632321,24.00
CDK12,antisense,17,MTBP,antisense,8,2,4,89|117|15|60,27151|10009|12308|12255,877308,21.00
CDK12,antisense,17,MTBP,antisense,8,2,4,123|117|15|60,27150|10009|12308|12255,876766,21.00
CDK12,antisense,17,MTBP,antisense,8,2,4,123|42|15|60,27150|10007|12308|12255,878058,21.00
CDK12,antisense,17,MTBP,antisense,8,2,4,89|10|15|60,27151|10006|12308|12255,879903,21.00
CDK12,antisense,17,MTBP,antisense,8,2,4,123|10|15|60,27150|10006|12308|12255,879361,21.00
CDK12,antisense,17,MTBP,antisense,8,2,4,89|42|15|60,27151|10007|12308|12255,878600,21.00
CDK12,sense,17,MTBP,antisense,8,2,4,89|10|15|60,27151|10006|12308|12255,983299,21.00
CDK12,sense,17,MTBP,antisense,8,2,4,89|42|15|60,27151|10007|12308|12255,981996,21.00
CDK12,sense,17,MTBP,antisense,8,2,4,123|10|15|60,27150|10006|12308|12255,982757,21.00
CDK12,sense,17,MTBP,antisense,8,2,4,123|42|15|60,27150|10007|12308|12255,981454,21.00
CDK12,sense,17,MTBP,antisense,8,2,4,89|117|15|60,27151|10009|12308|12255,980704,21.00
CDK12,sense,17,MTBP,antisense,8,2,4,123|117|15|60,27150|10009|12308|12255,980162,21.00
RP11-326G21.1,antisense,1,RP11-495P10.2,antisense,1,19,0,,,2912974,0.00
RP11-326G21.1,antisense,1,RP11-495P10.2,sense,1,19,0,,,2816168,0.00
RP11-326G21.1,sense,1,RP11-495P10.2,antisense,1,19,0,,,2913538,0.00
RP11-326G21.1,sense,1,RP11-495P10.2,sense,1,19,0,,,2816732,0.00
LMCD1-AS1,antisense,3,RP11-641D5.2,antisense,3,6,1,55,3388,158828,105.00
LMCD1-AS1,antisense,3,RP11-641D5.2,sense,3,6,1,55,3388,188013,75.00
FBXL7,antisense,5,TRIO,antisense,5,10,1,19,5492,633891,101.00
FBXL7,antisense,5,TRIO,sense,5,10,0,,,1407665,0.00
FBXL7,antisense,5,TRIO,antisense,5,10,0,,,1796089,0.00
FBXL7,sense,5,TRIO,sense,5,10,0,,,2130268,0.00
FBXL7,sense,5,TRIO,sense,5,10,0,,,194128,0.00
FBXL7,sense,5,TRIO,antisense,5,10,0,,,1356494,0.00
COX7BP2,sense,20,RP4-723E3.1,sense,20,3,1,29,25047,102591,102.00
COX7BP2,antisense,20,RP4-723E3.1,sense,20,3,1,29,25047,102832,72.00
COX7BP2,sense,20,RP4-723E3.1,sense,20,3,3,10|11|13,25182|25352|25188,7821699,21.00
COX7BP2,sense,20,RP4-723E3.1,sense,20,3,3,17|11|13,25187|25352|25188,2398203,21.00
COX7BP2,sense,20,RP4-723E3.1,sense,20,3,3,16|16|11,25085|24920|24834,2763366,21.00
COX7BP2,sense,20,RP4-723E3.1,sense,20,3,2,16|16,25085|24920,2167917,21.00
COX7BP2,sense,20,RP4-723E3.1,antisense,20,3,2,10|11,25182|25127,4690383,21.00
COX7BP2,sense,20,RP4-723E3.1,antisense,20,3,2,16|16,25085|24920,2607703,21.00
COX7BP2,sense,20,RP4-723E3.1,antisense,20,3,2,16|24,25085|24977,3228759,21.00
COX7BP2,antisense,20,RP4-723E3.1,sense,20,3,3,10|11|13,25182|25352|25188,7821458,21.00
COX7BP2,antisense,20,RP4-723E3.1,sense,20,3,3,17|11|13,25187|25352|25188,2398444,21.00
COX7BP2,antisense,20,RP4-723E3.1,sense,20,3,3,16|16|11,25085|24920|24834,2763607,21.00
COX7BP2,antisense,20,RP4-723E3.1,sense,20,3,2,16|16,25085|24920,2168158,21.00
COX7BP2,antisense,20,RP4-723E3.1,antisense,20,3,2,10|11,25182|25127,4690142,21.00
COX7BP2,antisense,20,RP4-723E3.1,antisense,20,3,2,16|16,25085|24920,2607944,21.00
COX7BP2,antisense,20,RP4-723E3.1,antisense,20,3,2,16|24,25085|24977,3229000,21.00
MALAT1,antisense,11,RBM25,sense,14,3,3,10|14|16,27091|27090|27139,11632153,21.00
MALAT1,antisense,11,RBM25,sense,14,3,1,16,27139,11630876,21.00
MALAT1,sense,11,RBM25,antisense,14,3,2,16|11,27139|21372,20801442,21.00
MALAT1,sense,11,RBM25,antisense,14,3,4,10|14|16|11,27091|27090|27139|21372,20802719,21.00
MALAT1,sense,11,RBM25,antisense,14,3,1,16,27139,11685147,21.00
MALAT1,sense,11,RBM25,antisense,14,3,3,10|14|16,27091|27090|27139,11686424,21.00
MALAT1,sense,11,RBM25,sense,14,3,2,16|11,27139|21372,20864420,21.00
MALAT1,sense,11,RBM25,sense,14,3,2,16|11,27139|21372,20864420,21.00
MALAT1,sense,11,RBM25,sense,14,3,4,10|14|16|11,27091|27090|27139|21372,20865697,21.00
MALAT1,sense,11,RBM25,sense,14,3,1,16,27139,11622169,21.00
MALAT1,sense,11,RBM25,sense,14,3,3,10|14|16,27091|27090|27139,11623446,21.00
MALAT1,antisense,11,RBM25,antisense,14,3,2,16|11,27139|21372,20810149,21.00
MALAT1,antisense,11,RBM25,antisense,14,3,2,16|11,27139|21372,20810149,21.00
MALAT1,antisense,11,RBM25,antisense,14,3,4,10|14|16|11,27091|27090|27139|21372,20811426,21.00
MALAT1,antisense,11,RBM25,antisense,14,3,1,16,27139,11693854,21.00
MALAT1,antisense,11,RBM25,antisense,14,3,3,10|14|16,27091|27090|27139,11695131,21.00
MALAT1,antisense,11,RBM25,sense,14,3,2,16|11,27139|21372,20873127,21.00
MALAT1,antisense,11,RBM25,sense,14,3,2,16|11,27139|21372,20873127,21.00
MALAT1,antisense,11,RBM25,sense,14,3,4,10|14|16|11,27091|27090|27139|21372,20874404,21.00
MALAT1,sense,11,RBM25,antisense,14,3,2,16|11,27139|21372,20801442,21.00
CPNE1,antisense,20,PREX1,antisense,20,15,2,13|16,25144|25085,86540,121.00
CPNE1,antisense,20,PREX1,antisense,20,15,1,16,25085,330284,101.00
CPNE1,sense,20,PREX1,antisense,20,15,1,16,25085,291359,71.00
CPNE1,sense,20,PREX1,antisense,20,15,3,10|10|24,25150|25086|24977,2055450,21.00
CPNE1,antisense,20,PREX1,antisense,20,15,2,29|16,25047|24920,2389992,21.00
CPNE1,antisense,20,PREX1,sense,20,15,2,29|16,25047|24920,2593622,21.00
CPNE1,antisense,20,PREX1,sense,20,15,3,29|11|16,25047|24834|24920,3189071,21.00
CPNE1,antisense,20,PREX1,sense,20,15,2,10|24,25086|24977,1906939,21.00
CPNE1,antisense,20,PREX1,antisense,20,15,3,13|29|16,25144|25047|24920,2146248,21.00
CPNE1,antisense,20,PREX1,antisense,20,15,3,29|11|16,25047|24834|24920,2985441,21.00
CPNE1,sense,20,PREX1,antisense,20,15,2,10|24,25086|24977,1742234,21.00
CPNE1,antisense,20,PREX1,antisense,20,15,2,10|24,25086|24977,1703309,21.00
CPNE1,antisense,20,PREX1,antisense,20,15,3,10|10|24,25150|25086|24977,2016525,21.00
CPNE1,sense,20,PREX1,sense,20,15,2,29|16,25047|24920,2554697,21.00
CPNE1,sense,20,PREX1,sense,20,15,3,29|11|16,25047|24834|24920,3150146,21.00
CPNE1,sense,20,PREX1,antisense,20,15,2,29|16,25047|24920,2351067,21.00
CPNE1,sense,20,PREX1,antisense,20,15,3,29|11|16,25047|24834|24920,2946516,21.00
CPNE1,antisense,20,PREX1,sense,20,15,3,13|29|16,25144|25047|24920,2349878,21.00
RP11-1023L17.1,sense,5,RP11-497H16.8,antisense,5,2,1,20,5431,53094329,22.00
RP11-1023L17.1,sense,5,RP11-497H16.8,antisense,5,2,1,20,5431,53094329,22.00
RP11-1023L17.1,sense,5,RP11-497H16.8,sense,5,2,1,20,5431,53088526,22.00
RP11-1023L17.1,sense,5,RP11-497H16.8,sense,5,2,1,20,5431,53088526,22.00
RP11-1023L17.1,antisense,5,RP11-497H16.8,antisense,5,2,1,20,5431,53014231,22.00
RP11-1023L17.1,antisense,5,RP11-497H16.8,antisense,5,2,1,20,5431,53014231,22.00
RP11-1023L17.1,antisense,5,RP11-497H16.8,sense,5,2,1,20,5431,53008428,22.00
RP11-1023L17.1,antisense,5,RP11-497H16.8,sense,5,2,1,20,5431,53008428,22.00
RP11-1023L17.1,sense,5,RP11-497H16.8,antisense,5,2,0,,,35551829,0.00
RP11-1023L17.1,sense,5,RP11-497H16.8,sense,5,2,0,,,35546026,0.00
RP11-1023L17.1,antisense,5,RP11-497H16.8,antisense,5,2,0,,,35631927,0.00
RP11-1023L17.1,antisense,5,RP11-497H16.8,sense,5,2,0,,,35626124,0.00
PDE4DIP,sense,1,RP11-495P10.2,antisense,1,19,0,,,2855747,0.00
PDE4DIP,sense,1,RP11-495P10.2,sense,1,19,0,,,2758941,0.00
PDE4DIP,antisense,1,RP11-495P10.2,antisense,1,19,0,,,3095776,0.00
PDE4DIP,antisense,1,RP11-495P10.2,sense,1,19,0,,,2998970,0.00
NPIPB3,sense,16,SEPT1,antisense,16,2,0,,,8933975,0.00
NPIPB3,sense,16,SEPT1,sense,16,2,0,,,8929867,0.00
NPIPB3,antisense,16,SEPT1,antisense,16,2,0,,,8980305,0.00
NPIPB3,antisense,16,SEPT1,sense,16,2,0,,,8976197,0.00
LRRFIP2,antisense,3,MRPS10P2,antisense,3,18,1,46,3670,182496,104.00
LRRFIP2,antisense,3,MRPS10P2,sense,3,18,1,46,3670,182116,74.00
LRRFIP2,antisense,3,MRPS10P2,antisense,3,18,4,15|45|24|46,3641|3696|3643|3670,20013796,21.00
LRRFIP2,antisense,3,MRPS10P2,antisense,3,18,4,24|45|15|46,3643|3696|3641|3670,20013796,21.00
LRRFIP2,antisense,3,MRPS10P2,sense,3,18,4,15|45|24|46,3641|3696|3643|3670,20013416,21.00
LRRFIP2,antisense,3,MRPS10P2,sense,3,18,4,24|45|15|46,3643|3696|3641|3670,20013416,21.00
MTBP,antisense,8,RNU6-981P,antisense,17,2,1,194,27153,365065,119.00
MTBP,antisense,8,RNU6-981P,antisense,17,2,1,165,27152,364725,116.00
MTBP,antisense,8,RNU6-981P,sense,17,2,1,194,27153,364961,89.00
MTBP,antisense,8,RNU6-981P,sense,17,2,1,165,27152,364621,86.00
MTBP,antisense,8,RNU6-981P,antisense,17,2,3,165|40|107,27152|27160|27161,3714638,24.00
MTBP,antisense,8,RNU6-981P,antisense,17,2,3,165|107|40,27152|27161|27160,3714638,24.00
MTBP,antisense,8,RNU6-981P,sense,17,2,3,165|40|107,27152|27160|27161,3714742,24.00
MTBP,antisense,8,RNU6-981P,sense,17,2,3,165|107|40,27152|27161|27160,3714742,24.00
MTBP,sense,8,RNU6-981P,antisense,17,2,4,60|15|42|89,12255|12308|10007|27151,960917,21.00
MTBP,sense,8,RNU6-981P,antisense,17,2,4,60|15|10|89,12255|12308|10006|27151,962220,21.00
MTBP,sense,8,RNU6-981P,antisense,17,2,4,60|15|117|89,12255|12308|10009|27151,959625,21.00
MTBP,sense,8,RNU6-981P,sense,17,2,4,60|15|42|89,12255|12308|10007|27151,961021,21.00
MTBP,sense,8,RNU6-981P,sense,17,2,4,60|15|10|89,12255|12308|10006|27151,962324,21.00
MTBP,sense,8,RNU6-981P,sense,17,2,4,60|15|117|89,12255|12308|10009|27151,959729,21.00
RNU6-298P,sense,17,TLK2,sense,17,9,1,30,22811,66605,153.00
RNU6-298P,antisense,17,TLK2,sense,17,9,1,30,22811,66510,73.00
CTD-2349P21.11,sense,17,TLK2,sense,17,9,1,30,22811,65420,153.00
CTD-2349P21.11,antisense,17,TLK2,sense,17,9,1,30,22811,94123,73.00
LINC00536,sense,8,RNU1-106P,sense,8,10,1,245,10324,373145,120.00
LINC00536,sense,8,RNU1-106P,sense,8,10,1,157,10322,372887,115.00
LINC00536,sense,8,RNU1-106P,sense,8,10,1,25,10321,372845,102.00
LINC00536,sense,8,RNU1-106P,sense,8,10,1,13,10323,372702,101.00
LINC00536,sense,8,RNU1-106P,antisense,8,10,1,245,10324,373308,90.00
LINC00536,sense,8,RNU1-106P,antisense,8,10,1,157,10322,373050,85.00
LINC00536,sense,8,RNU1-106P,antisense,8,10,1,25,10321,373008,72.00
LINC00536,sense,8,RNU1-106P,antisense,8,10,1,13,10323,372865,71.00
LINC00536,antisense,8,RNU1-106P,antisense,8,10,2,150|157,12938|10322,163584,65.00
LINC00536,antisense,8,RNU1-106P,antisense,8,10,2,150|245,12938|10324,163842,65.00
LINC00536,antisense,8,RNU1-106P,antisense,8,10,2,136|157,12936|10322,164142,63.00
LINC00536,antisense,8,RNU1-106P,antisense,8,10,2,136|245,12936|10324,164400,63.00
LINC00536,antisense,8,RNU1-106P,antisense,8,10,2,127|157,12939|10322,163608,62.00
LINC00536,antisense,8,RNU1-106P,antisense,8,10,2,127|245,12939|10324,163866,62.00
LINC00536,antisense,8,RNU1-106P,sense,8,10,2,150|245,12938|10324,163679,55.00
LINC00536,antisense,8,RNU1-106P,sense,8,10,2,150|157,12938|10322,163421,55.00
LINC00536,antisense,8,RNU1-106P,antisense,8,10,2,41|157,12937|10322,163950,54.00
LINC00536,antisense,8,RNU1-106P,antisense,8,10,2,41|245,12937|10324,164208,54.00
LINC00536,antisense,8,RNU1-106P,sense,8,10,2,136|157,12936|10322,163979,53.00
LINC00536,antisense,8,RNU1-106P,sense,8,10,2,136|245,12936|10324,164237,53.00
LINC00536,antisense,8,RNU1-106P,antisense,8,10,2,127|25,12939|10321,163566,52.00
LINC00536,antisense,8,RNU1-106P,antisense,8,10,2,150|25,12938|10321,163542,52.00
LINC00536,antisense,8,RNU1-106P,sense,8,10,2,127|245,12939|10324,163703,52.00
LINC00536,antisense,8,RNU1-106P,antisense,8,10,2,41|25,12937|10321,163908,52.00
LINC00536,antisense,8,RNU1-106P,sense,8,10,2,127|157,12939|10322,163445,52.00
LINC00536,antisense,8,RNU1-106P,antisense,8,10,2,136|25,12936|10321,164100,52.00
LINC00536,antisense,8,RNU1-106P,antisense,8,10,2,136|13,12936|10323,163957,51.00
LINC00536,antisense,8,RNU1-106P,antisense,8,10,2,127|13,12939|10323,163423,51.00
LINC00536,antisense,8,RNU1-106P,antisense,8,10,2,150|13,12938|10323,163399,51.00
LINC00536,antisense,8,RNU1-106P,antisense,8,10,2,41|13,12937|10323,163765,51.00
LINC00536,antisense,8,RNU1-106P,sense,8,10,2,41|157,12937|10322,163787,44.00
LINC00536,antisense,8,RNU1-106P,sense,8,10,2,41|245,12937|10324,164045,44.00
LINC00536,antisense,8,RNU1-106P,sense,8,10,2,136|25,12936|10321,163937,42.00
LINC00536,antisense,8,RNU1-106P,sense,8,10,2,127|25,12939|10321,163403,42.00
LINC00536,antisense,8,RNU1-106P,sense,8,10,2,150|25,12938|10321,163379,42.00
LINC00536,antisense,8,RNU1-106P,sense,8,10,2,41|25,12937|10321,163745,42.00
LINC00536,antisense,8,RNU1-106P,sense,8,10,2,41|13,12937|10323,163602,41.00
LINC00536,antisense,8,RNU1-106P,sense,8,10,2,127|13,12939|10323,163260,41.00
LINC00536,antisense,8,RNU1-106P,sense,8,10,2,150|13,12938|10323,163236,41.00
LINC00536,antisense,8,RNU1-106P,sense,8,10,2,136|13,12936|10323,163794,41.00
LINC00536,antisense,8,RNU1-106P,antisense,8,10,4,301|31|127|157,12693|12694|12939|10322,722801,23.00
LINC00536,antisense,8,RNU1-106P,antisense,8,10,4,301|31|150|157,12693|12694|12938|10322,722777,23.00
LINC00536,antisense,8,RNU1-106P,antisense,8,10,4,31|301|127|157,12694|12693|12939|10322,722801,23.00
LINC00536,antisense,8,RNU1-106P,antisense,8,10,4,31|301|150|157,12694|12693|12938|10322,722777,23.00
LINC00536,antisense,8,RNU1-106P,sense,8,10,4,301|31|127|157,12693|12694|12939|10322,722638,23.00
LINC00536,antisense,8,RNU1-106P,sense,8,10,4,301|31|150|157,12693|12694|12938|10322,722614,23.00
LINC00536,antisense,8,RNU1-106P,sense,8,10,4,31|301|127|157,12694|12693|12939|10322,722638,23.00
LINC00536,antisense,8,RNU1-106P,sense,8,10,4,31|301|150|157,12694|12693|12938|10322,722614,23.00
AL590452.1,antisense,1,RP11-495P10.2,antisense,1,19,0,,,2940568,0.00
AL590452.1,antisense,1,RP11-495P10.2,sense,1,19,0,,,2843762,0.00
AL590452.1,sense,1,RP11-495P10.2,antisense,1,19,0,,,2942624,0.00
AL590452.1,sense,1,RP11-495P10.2,sense,1,19,0,,,2845818,0.00
RAD51B,sense,14,SEMA6D,antisense,15,6,1,10,27095,901859,71.00
RAD51B,sense,14,SEMA6D,sense,15,6,2,15|12,27094|21921,967587,51.00
RAD51B,antisense,14,SEMA6D,sense,15,6,2,11|15,21372|27094,605440,41.00
RAD51B,antisense,14,SEMA6D,sense,15,6,3,11|15|12,21372|27094|21921,517025,21.00
RAD51B,sense,14,SEMA6D,sense,15,6,1,15,27094,1056002,21.00
LINC00536,sense,8,TMEM75,sense,8,32,1,245,10324,425559,120.00
LINC00536,sense,8,TMEM75,sense,8,32,1,157,10322,425301,115.00
LINC00536,sense,8,TMEM75,sense,8,32,1,25,10321,425259,102.00
LINC00536,sense,8,TMEM75,sense,8,32,1,13,10323,425116,101.00
LINC00536,sense,8,TMEM75,antisense,8,32,1,245,10324,424094,90.00
LINC00536,sense,8,TMEM75,antisense,8,32,1,157,10322,423836,85.00
LINC00536,sense,8,TMEM75,antisense,8,32,1,25,10321,423794,72.00
LINC00536,sense,8,TMEM75,antisense,8,32,1,13,10323,423651,71.00
LINC00536,antisense,8,TMEM75,antisense,8,32,2,150|245,12938|10324,214628,65.00
LINC00536,antisense,8,TMEM75,antisense,8,32,2,150|157,12938|10322,214370,65.00
LINC00536,antisense,8,TMEM75,antisense,8,32,2,136|245,12936|10324,215186,63.00
LINC00536,antisense,8,TMEM75,antisense,8,32,2,136|157,12936|10322,214928,63.00
LINC00536,antisense,8,TMEM75,antisense,8,32,2,127|245,12939|10324,214652,62.00
LINC00536,antisense,8,TMEM75,antisense,8,32,2,127|157,12939|10322,214394,62.00
LINC00536,antisense,8,TMEM75,sense,8,32,2,150|157,12938|10322,215835,55.00
LINC00536,antisense,8,TMEM75,sense,8,32,2,150|245,12938|10324,216093,55.00
LINC00536,antisense,8,TMEM75,antisense,8,32,2,41|245,12937|10324,214994,54.00
LINC00536,antisense,8,TMEM75,antisense,8,32,2,41|157,12937|10322,214736,54.00
LINC00536,antisense,8,TMEM75,sense,8,32,2,136|245,12936|10324,216651,53.00
LINC00536,antisense,8,TMEM75,sense,8,32,2,136|157,12936|10322,216393,53.00
LINC00536,antisense,8,TMEM75,antisense,8,32,2,127|25,12939|10321,214352,52.00
LINC00536,antisense,8,TMEM75,antisense,8,32,2,150|25,12938|10321,214328,52.00
LINC00536,antisense,8,TMEM75,sense,8,32,2,127|245,12939|10324,216117,52.00
LINC00536,antisense,8,TMEM75,sense,8,32,2,127|157,12939|10322,215859,52.00
LINC00536,antisense,8,TMEM75,antisense,8,32,2,136|25,12936|10321,214886,52.00
LINC00536,antisense,8,TMEM75,antisense,8,32,2,41|25,12937|10321,214694,52.00
LINC00536,antisense,8,TMEM75,antisense,8,32,2,150|13,12938|10323,214185,51.00
LINC00536,antisense,8,TMEM75,antisense,8,32,2,127|13,12939|10323,214209,51.00
LINC00536,antisense,8,TMEM75,antisense,8,32,2,41|13,12937|10323,214551,51.00
LINC00536,antisense,8,TMEM75,antisense,8,32,2,136|13,12936|10323,214743,51.00
LINC00536,antisense,8,TMEM75,sense,8,32,2,41|245,12937|10324,216459,44.00
LINC00536,antisense,8,TMEM75,sense,8,32,2,41|157,12937|10322,216201,44.00
LINC00536,antisense,8,TMEM75,sense,8,32,2,41|25,12937|10321,216159,42.00
LINC00536,antisense,8,TMEM75,sense,8,32,2,136|25,12936|10321,216351,42.00
LINC00536,antisense,8,TMEM75,sense,8,32,2,150|25,12938|10321,215793,42.00
LINC00536,antisense,8,TMEM75,sense,8,32,2,127|25,12939|10321,215817,42.00
LINC00536,antisense,8,TMEM75,sense,8,32,2,150|13,12938|10323,215650,41.00
LINC00536,antisense,8,TMEM75,sense,8,32,2,136|13,12936|10323,216208,41.00
LINC00536,antisense,8,TMEM75,sense,8,32,2,127|13,12939|10323,215674,41.00
LINC00536,antisense,8,TMEM75,sense,8,32,2,41|13,12937|10323,216016,41.00
LINC00536,antisense,8,TMEM75,antisense,8,32,4,301|31|150|157,12693|12694|12938|10322,773563,23.00
LINC00536,antisense,8,TMEM75,sense,8,32,4,301|31|127|157,12693|12694|12939|10322,775052,23.00
LINC00536,antisense,8,TMEM75,sense,8,32,4,301|31|150|157,12693|12694|12938|10322,775028,23.00
LINC00536,antisense,8,TMEM75,antisense,8,32,4,301|31|127|157,12693|12694|12939|10322,773587,23.00
LINC00536,antisense,8,TMEM75,sense,8,32,4,31|301|150|157,12694|12693|12938|10322,775028,23.00
LINC00536,antisense,8,TMEM75,antisense,8,32,4,31|301|150|157,12694|12693|12938|10322,773563,23.00
LINC00536,antisense,8,TMEM75,antisense,8,32,4,31|301|127|157,12694|12693|12939|10322,773587,23.00
LINC00536,antisense,8,TMEM75,sense,8,32,4,31|301|127|157,12694|12693|12939|10322,775052,23.00
AMZ2,sense,17,RP11-382A18.2,sense,8,2,1,14,27147,57891,151.00
DHX35,sense,20,ITCH-AS1,sense,20,2,1,53,25134,82211,155.00
DHX35,sense,20,ITCH-AS1,antisense,20,2,1,53,25134,82644,75.00
AC023590.1,antisense,8,MTBP,antisense,8,9,1,15,12308,565558,101.00
AC023590.1,antisense,8,MTBP,sense,8,9,4,15|42|89|165,12308|10007|27151|27152,1326443,21.00
AC023590.1,antisense,8,MTBP,sense,8,9,4,15|42|123|165,12308|10007|27150|27152,1325901,21.00
AC023590.1,antisense,8,MTBP,sense,8,9,4,15|10|89|165,12308|10006|27151|27152,1327746,21.00
AC023590.1,antisense,8,MTBP,sense,8,9,4,15|10|123|165,12308|10006|27150|27152,1327204,21.00
AC023590.1,antisense,8,MTBP,sense,8,9,4,15|117|89|165,12308|10009|27151|27152,1325151,21.00
AC023590.1,antisense,8,MTBP,sense,8,9,4,15|117|123|165,12308|10009|27150|27152,1324609,21.00
AC023590.1,sense,8,MTBP,sense,8,9,3,10|19|14,14286|14274|10623,1197199,21.00
AC023590.1,sense,8,MTBP,sense,8,9,3,37|19|14,14285|14274|10623,1196658,21.00
AC023590.1,sense,8,MTBP,sense,8,9,4,15|117|89|165,12308|10009|27151|27152,1443617,21.00
AC023590.1,sense,8,MTBP,sense,8,9,4,15|117|123|165,12308|10009|27150|27152,1443075,21.00
AC023590.1,sense,8,MTBP,antisense,8,9,3,49|41|12,14251|14792|14254,624010,21.00
AC023590.1,sense,8,MTBP,antisense,8,9,3,49|20|12,14251|14791|14254,624094,21.00
PREX1,sense,20,SPAG4,sense,20,2,2,16|13,25085|25144,91522,121.00
PREX1,sense,20,SPAG4,sense,20,2,1,16,25085,335266,101.00
PREX1,sense,20,SPAG4,antisense,20,2,1,16,25085,340423,71.00
PREX1,sense,20,SPAG4,antisense,20,2,2,16|13,25085|25144,96679,41.00
PREX1,sense,20,SPAG4,antisense,20,2,3,24|10|10,24977|25086|25150,2006386,21.00
PREX1,antisense,20,SPAG4,antisense,20,2,3,24|10|10,24977|25086|25150,2210016,21.00
PREX1,antisense,20,SPAG4,antisense,20,2,3,16|29|13,24920|25047|25144,2360017,21.00
PREX1,antisense,20,SPAG4,antisense,20,2,2,16|29,24920|25047,2603761,21.00
PREX1,antisense,20,SPAG4,sense,20,2,2,24|10,24977|25086,1901957,21.00
PREX1,antisense,20,SPAG4,sense,20,2,3,24|10|10,24977|25086|25150,2215173,21.00
PREX1,antisense,20,SPAG4,sense,20,2,3,16|29|13,24920|25047|25144,2354860,21.00
PREX1,antisense,20,SPAG4,sense,20,2,2,16|29,24920|25047,2598604,21.00
PREX1,sense,20,SPAG4,antisense,20,2,2,24|10,24977|25086,1693170,21.00
PREX1,sense,20,SPAG4,antisense,20,2,3,16|29|13,24920|25047|25144,2156387,21.00
PREX1,sense,20,SPAG4,antisense,20,2,1,10,25086,1952575,21.00
PREX1,sense,20,SPAG4,antisense,20,2,2,16|29,24920|25047,2400131,21.00
PREX1,sense,20,SPAG4,antisense,20,2,3,16|11|29,24920|24834|25047,2995580,21.00
PREX1,sense,20,SPAG4,sense,20,2,2,24|10,24977|25086,1698327,21.00
PREX1,sense,20,SPAG4,sense,20,2,3,24|10|10,24977|25086|25150,2011543,21.00
PREX1,sense,20,SPAG4,sense,20,2,1,10,25086,1957732,21.00
PREX1,sense,20,SPAG4,sense,20,2,3,16|29|13,24920|25047|25144,2151230,21.00
PREX1,sense,20,SPAG4,sense,20,2,2,16|29,24920|25047,2394974,21.00
PREX1,sense,20,SPAG4,sense,20,2,3,16|11|29,24920|24834|25047,2990423,21.00
PREX1,antisense,20,SPAG4,antisense,20,2,2,24|10,24977|25086,1896800,21.00
PDE8A,antisense,15,RP11-66B24.5,sense,15,2,0,,,15686326,0.00
PDE8A,antisense,15,RP11-66B24.5,antisense,15,2,0,,,15574078,0.00
PDE8A,sense,15,RP11-66B24.5,sense,15,2,0,,,15845031,0.00
PDE8A,sense,15,RP11-66B24.5,antisense,15,2,0,,,15732783,0.00
CPEB4,antisense,5,ERGIC1,sense,5,2,3,23|21|13,27324|27326|4938,28760857,21.00
CPEB4,antisense,5,ERGIC1,sense,5,2,3,13|21|23,4938|27326|27324,28760857,21.00
CPEB4,antisense,5,ERGIC1,antisense,5,2,3,23|21|13,27324|27326|4938,28642447,21.00
CPEB4,antisense,5,ERGIC1,antisense,5,2,3,13|21|23,4938|27326|27324,28642447,21.00
CPEB4,sense,5,ERGIC1,sense,5,2,3,23|21|13,27324|27326|4938,28687161,21.00
CPEB4,sense,5,ERGIC1,sense,5,2,3,13|21|23,4938|27326|27324,28687161,21.00
CPEB4,sense,5,ERGIC1,antisense,5,2,3,23|21|13,27324|27326|4938,28568751,21.00
CPEB4,sense,5,ERGIC1,antisense,5,2,3,13|21|23,4938|27326|27324,28568751,21.00
CPEB4,antisense,5,ERGIC1,sense,5,2,0,,,7012599,0.00
CPEB4,antisense,5,ERGIC1,sense,5,2,0,,,4994017,0.00
CPEB4,antisense,5,ERGIC1,antisense,5,2,0,,,7131009,0.00
CPEB4,antisense,5,ERGIC1,antisense,5,2,0,,,4875607,0.00
CPEB4,sense,5,ERGIC1,sense,5,2,0,,,6938903,0.00
CPEB4,sense,5,ERGIC1,sense,5,2,0,,,5067713,0.00
CPEB4,sense,5,ERGIC1,antisense,5,2,0,,,7057313,0.00
CPEB4,sense,5,ERGIC1,antisense,5,2,0,,,4949303,0.00
RP11-1084J3.4,sense,5,RP11-497H16.6,sense,5,2,1,20,5431,52985753,22.00
RP11-1084J3.4,sense,5,RP11-497H16.6,sense,5,2,1,20,5431,52985753,22.00
RP11-1084J3.4,sense,5,RP11-497H16.6,antisense,5,2,1,20,5431,52981237,22.00
RP11-1084J3.4,sense,5,RP11-497H16.6,antisense,5,2,1,20,5431,52981237,22.00
RP11-1084J3.4,antisense,5,RP11-497H16.6,sense,5,2,1,20,5431,52848399,22.00
RP11-1084J3.4,antisense,5,RP11-497H16.6,sense,5,2,1,20,5431,52848399,22.00
RP11-1084J3.4,antisense,5,RP11-497H16.6,antisense,5,2,1,20,5431,52843883,22.00
RP11-1084J3.4,antisense,5,RP11-497H16.6,antisense,5,2,1,20,5431,52843883,22.00
RP11-1084J3.4,sense,5,RP11-497H16.6,sense,5,2,0,,,35683789,0.00
RP11-1084J3.4,sense,5,RP11-497H16.6,antisense,5,2,0,,,35679273,0.00
RP11-1084J3.4,antisense,5,RP11-497H16.6,sense,5,2,0,,,35821143,0.00
RP11-1084J3.4,antisense,5,RP11-497H16.6,antisense,5,2,0,,,35816627,0.00
LRRFIP2,antisense,3,SUMF1,antisense,3,18,1,46,3670,234817,104.00
LRRFIP2,sense,3,SUMF1,sense,3,18,1,19,3700,11274681,21.00
LRRFIP2,sense,3,SUMF1,sense,3,18,2,15|19,3641|3700,10485592,21.00
LRRFIP2,antisense,3,SUMF1,antisense,3,18,4,15|45|24|46,3641|3696|3643|3670,20066117,21.00
LRRFIP2,antisense,3,SUMF1,antisense,3,18,4,24|45|15|46,3643|3696|3641|3670,20066117,21.00
LRRFIP2,antisense,3,SUMF1,sense,3,18,1,19,3700,11143618,21.00
LRRFIP2,antisense,3,SUMF1,sense,3,18,2,15|19,3641|3700,10354529,21.00
LMCD1-AS1,antisense,3,MECOM,antisense,3,6,1,55,3388,374579,105.00
GSDMB,antisense,17,TATDN1,antisense,8,95,1,123,27150,9045,162.00
GSDMB,antisense,17,TATDN1,antisense,8,95,1,89,27151,9587,158.00
LMCD1-AS1,antisense,3,RP11-3K16.2,antisense,3,6,1,55,3388,334912,105.00
LMCD1-AS1,antisense,3,RP11-3K16.2,sense,3,6,1,55,3388,324471,75.00
RP11-1084J3.4,sense,5,RP11-497H16.5,antisense,5,2,1,20,5431,53028424,22.00
RP11-1084J3.4,sense,5,RP11-497H16.5,antisense,5,2,1,20,5431,53028424,22.00
RP11-1084J3.4,sense,5,RP11-497H16.5,sense,5,2,1,20,5431,52989545,22.00
RP11-1084J3.4,sense,5,RP11-497H16.5,sense,5,2,1,20,5431,52989545,22.00
RP11-1084J3.4,antisense,5,RP11-497H16.5,antisense,5,2,1,20,5431,52891070,22.00
RP11-1084J3.4,antisense,5,RP11-497H16.5,antisense,5,2,1,20,5431,52891070,22.00
RP11-1084J3.4,antisense,5,RP11-497H16.5,sense,5,2,1,20,5431,52852191,22.00
RP11-1084J3.4,antisense,5,RP11-497H16.5,sense,5,2,1,20,5431,52852191,22.00
RP11-1084J3.4,sense,5,RP11-497H16.5,antisense,5,2,0,,,35726460,0.00
RP11-1084J3.4,sense,5,RP11-497H16.5,sense,5,2,0,,,35687581,0.00
RP11-1084J3.4,antisense,5,RP11-497H16.5,antisense,5,2,0,,,35863814,0.00
RP11-1084J3.4,antisense,5,RP11-497H16.5,sense,5,2,0,,,35824935,0.00
MALAT1,antisense,11,TMPRSS4,sense,11,2,3,16|11|12,27139|27093|27125,7024172,21.00
MALAT1,antisense,11,TMPRSS4,antisense,11,2,3,16|11|12,27139|27093|27125,7069024,21.00
MALAT1,sense,11,TMPRSS4,sense,11,2,3,16|11|12,27139|27093|27125,7015465,21.00
MALAT1,sense,11,TMPRSS4,antisense,11,2,3,16|11|12,27139|27093|27125,7060317,21.00
MALAT1,antisense,11,TMPRSS4,sense,11,2,0,,,52718665,0.00
MALAT1,antisense,11,TMPRSS4,antisense,11,2,0,,,52673813,0.00
MALAT1,sense,11,TMPRSS4,sense,11,2,0,,,52727372,0.00
MALAT1,sense,11,TMPRSS4,antisense,11,2,0,,,52682520,0.00
CORO2A,sense,9,GCNT1,sense,9,2,2,14|16,27210|27211,21833245,21.00
CORO2A,sense,9,GCNT1,antisense,9,2,2,14|16,27210|27211,21920825,21.00
CORO2A,antisense,9,GCNT1,sense,9,2,2,14|16,27210|27211,21761580,21.00
CORO2A,antisense,9,GCNT1,antisense,9,2,2,14|16,27210|27211,21849160,21.00
CORO2A,sense,9,GCNT1,sense,9,2,0,,,21832590,0.00
CORO2A,sense,9,GCNT1,antisense,9,2,0,,,21920170,0.00
CORO2A,antisense,9,GCNT1,sense,9,2,0,,,21760925,0.00
CORO2A,antisense,9,GCNT1,antisense,9,2,0,,,21848505,0.00
AC023590.1,antisense,8,ERBB2,sense,17,5,3,15|42|89,12308|10007|27151,713882,21.00
AC023590.1,antisense,8,ERBB2,sense,17,5,3,15|42|123,12308|10007|27150,713340,21.00
AC023590.1,sense,8,ERBB2,antisense,17,5,3,15|117|89,12308|10009|27151,873568,21.00
AC023590.1,sense,8,ERBB2,antisense,17,5,3,15|10|123,12308|10006|27150,875621,21.00
AC023590.1,sense,8,ERBB2,antisense,17,5,3,15|10|89,12308|10006|27151,876163,21.00
AC023590.1,sense,8,ERBB2,antisense,17,5,3,15|42|123,12308|10007|27150,874318,21.00
AC023590.1,sense,8,ERBB2,antisense,17,5,3,15|42|89,12308|10007|27151,874860,21.00
AC023590.1,sense,8,ERBB2,sense,17,5,3,15|117|123,12308|10009|27150,830514,21.00
AC023590.1,sense,8,ERBB2,sense,17,5,3,15|117|89,12308|10009|27151,831056,21.00
AC023590.1,sense,8,ERBB2,sense,17,5,3,15|10|123,12308|10006|27150,833109,21.00
AC023590.1,sense,8,ERBB2,sense,17,5,3,15|10|89,12308|10006|27151,833651,21.00
AC023590.1,sense,8,ERBB2,sense,17,5,3,15|42|123,12308|10007|27150,831806,21.00
AC023590.1,sense,8,ERBB2,sense,17,5,3,15|42|89,12308|10007|27151,832348,21.00
AC023590.1,antisense,8,ERBB2,antisense,17,5,3,15|117|123,12308|10009|27150,754560,21.00
AC023590.1,antisense,8,ERBB2,antisense,17,5,3,15|117|89,12308|10009|27151,755102,21.00
AC023590.1,antisense,8,ERBB2,antisense,17,5,3,15|10|123,12308|10006|27150,757155,21.00
AC023590.1,antisense,8,ERBB2,antisense,17,5,3,15|10|89,12308|10006|27151,757697,21.00
AC023590.1,antisense,8,ERBB2,antisense,17,5,3,15|42|123,12308|10007|27150,755852,21.00
AC023590.1,antisense,8,ERBB2,antisense,17,5,3,15|42|89,12308|10007|27151,756394,21.00
AC023590.1,antisense,8,ERBB2,sense,17,5,3,15|117|123,12308|10009|27150,712048,21.00
AC023590.1,antisense,8,ERBB2,sense,17,5,3,15|117|89,12308|10009|27151,712590,21.00
AC023590.1,antisense,8,ERBB2,sense,17,5,3,15|10|123,12308|10006|27150,714643,21.00
AC023590.1,antisense,8,ERBB2,sense,17,5,3,15|10|89,12308|10006|27151,715185,21.00
AC023590.1,sense,8,ERBB2,antisense,17,5,3,15|117|123,12308|10009|27150,873026,21.00
DHX35,sense,20,ITCH-IT1,sense,20,2,1,53,25134,95171,155.00
DHX35,sense,20,ITCH-IT1,antisense,20,2,1,53,25134,91549,75.00
PKIA,antisense,8,RARA,antisense,17,2,1,107,27161,50958,160.00
PKIA,antisense,8,RARA,sense,17,2,1,61,27159,1598833,26.00
PKIA,antisense,8,RARA,antisense,17,2,1,61,27159,1646483,26.00
PKIA,sense,8,RARA,sense,17,2,1,61,27159,1687961,26.00
PKIA,sense,8,RARA,antisense,17,2,1,61,27159,1735611,26.00
PKIA,antisense,8,RARA,sense,17,2,1,40,27160,1598103,24.00
PKIA,antisense,8,RARA,antisense,17,2,1,40,27160,1645753,24.00
PKIA,sense,8,RARA,sense,17,2,1,40,27160,1687231,24.00
PKIA,sense,8,RARA,antisense,17,2,1,40,27160,1734881,24.00
PKIA,antisense,8,RARA,sense,17,2,3,19|10|61,14243|14250|27159,3329413,21.00
PKIA,antisense,8,RARA,sense,17,2,3,19|10|40,14243|14250|27160,3328683,21.00
PKIA,antisense,8,RARA,antisense,17,2,3,19|10|61,14243|14250|27159,3377063,21.00
PKIA,antisense,8,RARA,antisense,17,2,3,19|10|40,14243|14250|27160,3376333,21.00
PKIA,sense,8,RARA,sense,17,2,3,19|10|61,14243|14250|27159,3418541,21.00
PKIA,sense,8,RARA,sense,17,2,3,19|10|40,14243|14250|27160,3417811,21.00
PKIA,sense,8,RARA,antisense,17,2,3,19|10|40,14243|14250|27160,3465461,21.00
AMZ2,sense,17,CASC8,antisense,8,2,1,14,27147,147399,71.00
ATAD5,sense,17,TLK2,sense,17,9,1,30,22811,96478,153.00
CYTH1,sense,17,EIF3H,sense,8,30,2,71|36,27144|12532,163708,53.00
CYTH1,sense,17,EIF3H,antisense,8,30,2,71|10,27144|12366,1099743,21.00
MLH1,antisense,3,MRPS10P2,antisense,3,12,1,46,3670,169233,104.00
MLH1,sense,3,MRPS10P2,sense,3,12,1,46,3670,241410,104.00
MLH1,antisense,3,MRPS10P2,sense,3,12,1,46,3670,168853,74.00
MLH1,sense,3,MRPS10P2,antisense,3,12,1,46,3670,241790,74.00
MLH1,antisense,3,MRPS10P2,antisense,3,12,4,15|45|24|46,3641|3696|3643|3670,20027059,21.00
MLH1,antisense,3,MRPS10P2,antisense,3,12,4,24|45|15|46,3643|3696|3641|3670,20027059,21.00
MLH1,antisense,3,MRPS10P2,sense,3,12,4,15|45|24|46,3641|3696|3643|3670,20026679,21.00
MLH1,antisense,3,MRPS10P2,sense,3,12,4,24|45|15|46,3643|3696|3641|3670,20026679,21.00
MLH1,sense,3,MRPS10P2,antisense,3,12,4,15|45|24|46,3641|3696|3643|3670,19954502,21.00
MLH1,sense,3,MRPS10P2,antisense,3,12,4,24|45|15|46,3643|3696|3641|3670,19954502,21.00
MLH1,sense,3,MRPS10P2,sense,3,12,4,15|45|24|46,3641|3696|3643|3670,19954122,21.00
MLH1,sense,3,MRPS10P2,sense,3,12,4,24|45|15|46,3643|3696|3641|3670,19954122,21.00
MTBP,antisense,8,RNU6-233P,antisense,17,2,1,194,27153,428719,119.00
MTBP,antisense,8,RNU6-233P,antisense,17,2,1,165,27152,428379,116.00
MTBP,antisense,8,RNU6-233P,sense,17,2,1,194,27153,428579,89.00
MTBP,antisense,8,RNU6-233P,sense,17,2,1,165,27152,428239,86.00
MTBP,antisense,8,RNU6-233P,antisense,17,2,3,165|40|107,27152|27160|27161,3650984,24.00
MTBP,antisense,8,RNU6-233P,antisense,17,2,3,165|107|40,27152|27161|27160,3650984,24.00
MTBP,antisense,8,RNU6-233P,sense,17,2,3,165|40|107,27152|27160|27161,3651124,24.00
MTBP,antisense,8,RNU6-233P,sense,17,2,3,165|107|40,27152|27161|27160,3651124,24.00
MTBP,sense,8,RNU6-233P,antisense,17,2,4,60|15|42|89,12255|12308|10007|27151,897263,21.00
MTBP,sense,8,RNU6-233P,antisense,17,2,4,60|15|10|89,12255|12308|10006|27151,898566,21.00
MTBP,sense,8,RNU6-233P,antisense,17,2,4,60|15|117|89,12255|12308|10009|27151,895971,21.00
MTBP,sense,8,RNU6-233P,sense,17,2,4,60|15|42|89,12255|12308|10007|27151,897403,21.00
MTBP,sense,8,RNU6-233P,sense,17,2,4,60|15|10|89,12255|12308|10006|27151,898706,21.00
MTBP,sense,8,RNU6-233P,sense,17,2,4,60|15|117|89,12255|12308|10009|27151,896111,21.00
RP11-1023L17.1,sense,5,RP11-497H16.6,sense,5,2,1,20,5431,53106021,22.00
RP11-1023L17.1,sense,5,RP11-497H16.6,sense,5,2,1,20,5431,53106021,22.00
RP11-1023L17.1,sense,5,RP11-497H16.6,antisense,5,2,1,20,5431,53101505,22.00
RP11-1023L17.1,sense,5,RP11-497H16.6,antisense,5,2,1,20,5431,53101505,22.00
RP11-1023L17.1,antisense,5,RP11-497H16.6,sense,5,2,1,20,5431,53025923,22.00
RP11-1023L17.1,antisense,5,RP11-497H16.6,sense,5,2,1,20,5431,53025923,22.00
RP11-1023L17.1,antisense,5,RP11-497H16.6,antisense,5,2,1,20,5431,53021407,22.00
RP11-1023L17.1,antisense,5,RP11-497H16.6,antisense,5,2,1,20,5431,53021407,22.00
RP11-1023L17.1,sense,5,RP11-497H16.6,sense,5,2,0,,,35563521,0.00
RP11-1023L17.1,sense,5,RP11-497H16.6,antisense,5,2,0,,,35559005,0.00
RP11-1023L17.1,antisense,5,RP11-497H16.6,sense,5,2,0,,,35643619,0.00
RP11-1023L17.1,antisense,5,RP11-497H16.6,antisense,5,2,0,,,35639103,0.00
RP11-1023L17.1,sense,5,RP11-497H16.5,antisense,5,2,1,20,5431,53148692,22.00
RP11-1023L17.1,sense,5,RP11-497H16.5,antisense,5,2,1,20,5431,53148692,22.00
RP11-1023L17.1,sense,5,RP11-497H16.5,sense,5,2,1,20,5431,53109813,22.00
RP11-1023L17.1,sense,5,RP11-497H16.5,sense,5,2,1,20,5431,53109813,22.00
RP11-1023L17.1,antisense,5,RP11-497H16.5,antisense,5,2,1,20,5431,53068594,22.00
RP11-1023L17.1,antisense,5,RP11-497H16.5,antisense,5,2,1,20,5431,53068594,22.00
RP11-1023L17.1,antisense,5,RP11-497H16.5,sense,5,2,1,20,5431,53029715,22.00
RP11-1023L17.1,antisense,5,RP11-497H16.5,sense,5,2,1,20,5431,53029715,22.00
RP11-1023L17.1,sense,5,RP11-497H16.5,antisense,5,2,0,,,35606192,0.00
RP11-1023L17.1,sense,5,RP11-497H16.5,sense,5,2,0,,,35567313,0.00
RP11-1023L17.1,antisense,5,RP11-497H16.5,antisense,5,2,0,,,35686290,0.00
RP11-1023L17.1,antisense,5,RP11-497H16.5,sense,5,2,0,,,35647411,0.00
PDE4DIP,sense,1,RP11-353N4.6,sense,1,2,0,,,4540600,0.00
PDE4DIP,sense,1,RP11-353N4.6,antisense,1,2,0,,,4499296,0.00
PDE4DIP,antisense,1,RP11-353N4.6,sense,1,2,0,,,4780629,0.00
PDE4DIP,antisense,1,RP11-353N4.6,antisense,1,2,0,,,4739325,0.00
PHF20,sense,20,PREX1,antisense,20,3,1,16,25085,184341,71.00
PHF20,sense,20,PREX1,antisense,20,3,3,10|10|24,25150|25086|24977,2162468,21.00
PHF20,sense,20,PREX1,antisense,20,3,2,10|24,25086|24977,1849252,21.00
PHF20,sense,20,PREX1,antisense,20,3,3,29|11|16,25047|24834|24920,2839498,21.00
PHF20,sense,20,PREX1,antisense,20,3,2,29|16,25047|24920,2244049,21.00
PHF20,sense,20,PREX1,sense,20,3,3,29|11|16,25047|24834|24920,3043128,21.00
PHF20,sense,20,PREX1,sense,20,3,2,29|16,25047|24920,2447679,21.00
MRPL13,antisense,8,SAMD12,antisense,8,6,1,60,12255,285229,106.00
MRPL13,sense,8,SAMD12,antisense,8,6,1,60,12255,220587,76.00
MRPL13,antisense,8,SAMD12,sense,8,6,1,15,12308,712064,71.00
MRPL13,sense,8,SAMD12,sense,8,6,3,12|20|49,14254|14791|14251,716776,21.00
MRPL13,sense,8,SAMD12,sense,8,6,3,12|41|49,14254|14792|14251,716692,21.00
MTBP,sense,8,SAMD12,antisense,8,21,1,60,12255,220589,76.00
MTBP,antisense,8,SAMD12,sense,8,21,3,14|19|37,10623|14274|14285,1103978,21.00
MTBP,antisense,8,SAMD12,sense,8,21,3,14|19|10,10623|14274|14286,1104519,21.00
MTBP,sense,8,SAMD12,sense,8,21,3,12|20|49,14254|14791|14251,716774,21.00
MTBP,sense,8,SAMD12,sense,8,21,3,12|41|49,14254|14792|14251,716690,21.00
PHF20,sense,20,RP4-723E3.1,sense,20,6,1,29,25047,181532,102.00
PHF20,antisense,20,RP4-723E3.1,antisense,20,6,2,37|35,25101|25020,4409760,23.00
PHF20,antisense,20,RP4-723E3.1,sense,20,6,3,17|11|13,25187|25352|25188,2298737,21.00
PHF20,antisense,20,RP4-723E3.1,antisense,20,6,2,13|35,25102|25020,4420037,21.00
PHF20,antisense,20,RP4-723E3.1,antisense,20,6,3,17|11|13,25187|25352|25188,2738523,21.00
PHF20,antisense,20,RP4-723E3.1,antisense,20,6,2,19|11,25174|25127,5750637,21.00
PHF20,sense,20,RP4-723E3.1,sense,20,6,3,10|11|13,25182|25352|25188,7742758,21.00
PHF20,sense,20,RP4-723E3.1,sense,20,6,3,17|11|13,25187|25352|25188,2477144,21.00
PHF20,sense,20,RP4-723E3.1,sense,20,6,3,16|16|11,25085|24920|24834,2842307,21.00
PHF20,sense,20,RP4-723E3.1,sense,20,6,2,16|16,25085|24920,2246858,21.00
PHF20,sense,20,RP4-723E3.1,antisense,20,6,2,10|11,25182|25127,4611442,21.00
PHF20,sense,20,RP4-723E3.1,antisense,20,6,2,16|16,25085|24920,2686644,21.00
PHF20,sense,20,RP4-723E3.1,antisense,20,6,2,16|24,25085|24977,3307700,21.00
