chrom1,start1,stop1,chrom2,start2,stop2,variant_name,score,strand1,strand2,variant_type,split
1,17051740,17051740,1,234912188,234912188,35665,0,-,-,BND,71
1,47659735,47659735,8,105739138,105739138,573599,0,+,+,BND,6
1,87069066,87069066,2,82854932,82854932,571553,0,+,+,BND,6
1,109650635,109650635,22,30163373,30163373,575755,0,-,-,BND,36
1,150593722,150593722,5,55447995,55447995,572639,0,-,-,BND,19
1,153306043,153306043,16,76228788,76228788,575219,0,-,-,BND,6
1,168186186,168186186,1,182274316,182274316,20968,0,-,-,BND,11
1,201288206,201288206,10,52642286,52642286,574013,0,+,+,BND,9
1,208992122,208992122,3,87327147,87327147,572038,0,+,+,BND,6
1,237761396,237761396,17,55250804,55250804,575330,0,+,+,BND,6
1,244675763,244675763,X,147349935,147349935,576038,0,-,-,BND,6
10,7959886,7959886,20,17573592,17573592,599192,0,-,-,BND,6
10,17590348,17590348,12,86120487,86120487,598392,0,-,+,BND,9
10,36759286,36759286,16,58102588,58102588,598877,0,+,+,BND,7
10,43875375,43875375,11,104061506,104061506,598254,0,-,-,BND,6
10,55389208,55389208,10,78769334,78769334,359169,0,+,-,DEL,6
10,68675886,68675886,14,44141676,44141676,598593,0,-,-,BND,6
10,77976841,77976841,20,44241145,44241145,599256,0,-,+,BND,6
10,80446909,80446909,20,30476189,30476189,599250,0,-,-,BND,6
11,37429211,37429211,17,10138717,10138717,600049,0,+,-,BND,11
11,49883572,49883572,MT,16089,16089,600530,0,-,-,BND,12
11,57967348,57967348,11,78369024,78369024,388148,0,+,+,BND,6
11,58969460,58969460,12,71760481,71760481,599559,0,-,-,BND,6
11,83028989,83028989,17,41486977,41486977,600084,0,+,+,BND,9
11,114433313,114433313,11,131230466,131230466,396748,0,+,-,DEL,19
12,23397186,23397186,17,41899976,41899976,601053,0,-,-,BND,6
12,41141977,41141977,22,27942438,27942438,601393,0,+,-,BND,6
12,49546557,49546557,17,28642647,28642647,601039,0,-,+,BND,6
12,59935796,59935796,12,59952859,59952859,411620,0,+,-,DEL,11
12,61938219,61938219,20,53316512,53316512,601293,0,-,+,BND,6
12,98190115,98190115,12,113184612,113184612,427549,0,-,+,DUP,6
12,104359629,104359629,12,125801147,125801147,429533,0,-,-,BND,52
13,68616102,68616102,16,10267572,10267572,601725,0,+,+,BND,6
14,106082752,106082752,14,106227317,106227317,464287,0,-,+,DUP,19
15,24895710,24895710,15,55322177,55322177,471695,0,+,+,BND,9
15,26716675,26716675,15,50099665,50099665,469611,0,+,-,DEL,7
15,26720673,26720673,15,75052248,75052248,479664,0,+,-,DEL,24
15,35659981,35659981,15,73960041,73960041,479612,0,+,+,BND,13
15,45206449,45206449,X,54737420,54737420,602929,0,-,-,BND,6
15,59318995,59318995,X,75592167,75592167,602945,0,+,-,BND,6
15,89947055,89947055,17,32950970,32950970,602658,0,+,+,BND,7
16,79160021,79160021,16,79292749,79292749,501374,0,-,+,DUP,15
16,85901172,85901172,16,85917954,85917954,498317,0,+,-,DEL,18
17,22020693,22020693,MT,16569,16569,603501,0,-,+,BND,322
17,41379304,41379304,17,41401056,41401056,508506,0,-,-,BND,26
17,78647810,78647810,X,110974906,110974906,603477,0,+,-,BND,6
18,44423670,44423670,X,111529896,111529896,603649,0,+,-,BND,6
19,4005348,4005348,19,4159437,4159437,523939,0,+,-,DEL,26
2,7540174,7540174,11,106408856,106408856,579476,0,-,+,BND,6
2,18692278,18692278,2,41061430,41061430,55579,0,+,-,DEL,6
2,22579284,22579284,11,15412550,15412550,579257,0,+,-,BND,6
2,29439724,29439724,5,36119833,36119833,577043,0,+,+,BND,6
2,46662140,46662140,5,73185291,73185291,577119,0,-,-,BND,6
2,58207039,58207039,5,163009189,163009189,577339,0,-,+,BND,6
2,84661568,84661568,2,84686286,84686286,75256,0,+,-,DEL,8
2,130543156,130543156,MT,462,462,581838,0,+,-,BND,6
2,145941357,145941357,5,116221725,116221725,577211,0,+,+,BND,6
2,146862621,146862621,2,146876862,146876862,87843,0,+,-,DEL,35
2,153997622,153997622,17,74377274,74377274,580913,0,+,-,BND,8
2,153997625,153997625,17,74377421,74377421,580915,0,-,+,BND,21
2,176530235,176530235,5,24018560,24018560,577011,0,+,+,BND,6
2,193677754,193677754,X,47608080,47608080,581599,0,-,-,BND,6
2,201178935,201178935,7,53845226,53845226,577834,0,-,+,BND,6
2,218611295,218611295,5,11240720,11240720,576982,0,+,-,BND,6
2,219615837,219615837,4,85438573,85438573,576734,0,-,+,BND,6
2,235350862,235350862,12,55097402,55097402,579686,0,-,+,BND,6
22,48924118,48924118,22,49072125,49072125,554656,0,+,-,DEL,48
3,4390087,4390087,8,88213077,88213077,583096,0,+,-,BND,6
3,39942361,39942361,3,140931544,140931544,143997,0,+,-,DEL,10
3,49441528,49441528,12,86120305,86120305,584035,0,-,-,BND,14
3,58518470,58518470,6,167928221,167928221,582654,0,-,+,BND,6
3,71108774,71108774,12,17112624,17112624,583911,0,+,+,BND,6
3,71248159,71248159,3,71266967,71266967,127087,0,+,-,DEL,17
3,71949608,71949608,14,20463257,20463257,584270,0,+,-,BND,6
3,80495973,80495973,3,80960965,80960965,129720,0,-,-,BND,13
3,80837171,80837171,3,80871029,80871029,126001,0,+,+,BND,11
3,96180505,96180505,X,138638508,138638508,585486,0,-,-,BND,6
3,100907379,100907379,9,30364989,30364989,583287,0,-,-,BND,6
3,105949030,105949030,11,17890042,17890042,583686,0,-,+,BND,6
3,111274086,111274086,8,128533830,128533830,583187,0,-,-,BND,28
3,130402319,130402319,10,114348445,114348445,583614,0,+,-,BND,6
3,144038333,144038333,15,87353974,87353974,584625,0,-,-,BND,6
3,155502069,155502069,15,102370899,102370899,584637,0,-,-,BND,6
3,159659929,159659929,4,73293380,73293380,581945,0,-,+,BND,6
3,163919285,163919285,10,36760446,36760446,583466,0,+,-,BND,14
3,169175614,169175614,19,47144706,47144706,585067,0,+,+,BND,6
4,246781,246781,11,36087407,36087407,586759,0,-,-,BND,6
4,56968922,56968922,14,89976481,89976481,587248,0,+,+,BND,6
4,126580863,126580863,X,62541682,62541682,587957,0,-,-,BND,6
4,127562158,127562158,12,58836758,58836758,586955,0,+,-,BND,6
4,130127805,130127805,19,37888813,37888813,587731,0,+,-,BND,6
4,133111097,133111097,11,23149045,23149045,586743,0,-,-,BND,6
4,135243802,135243802,11,51479701,51479701,586781,0,-,+,BND,6
4,163765697,163765697,20,33317370,33317370,587823,0,-,+,BND,6
4,173121069,173121069,5,121122105,121122105,585720,0,+,-,BND,6
4,179643717,179643717,12,101750202,101750202,587029,0,+,-,BND,6
4,190585813,190585813,4,190613116,190613116,179557++,0,+,+,INV,52
4,190585813,190585813,4,190613116,190613116,179557--,0,-,-,INV,52
5,43499960,43499960,7,123267486,123267486,588535,0,+,-,BND,6
5,84053658,84053658,15,73899337,73899337,590128,0,-,-,BND,6
5,112337735,112337735,MT,13905,13905,591060,0,-,-,BND,6
5,114539782,114539782,19,24156351,24156351,590608,0,-,+,BND,6
5,118085419,118085419,14,56034200,56034200,589926,0,+,+,BND,6
5,118943234,118943234,X,115361809,115361809,590991,0,-,-,BND,6
5,119037843,119037843,6,155972345,155972345,588317,0,+,-,BND,6
5,139514243,139514243,14,31394098,31394098,590007,0,+,+,BND,6
5,143780584,143780584,18,58560748,58560748,590565,0,+,+,BND,6
5,172499835,172499835,16,60303919,60303919,590331,0,-,-,BND,6
5,180175921,180175921,5,180195566,180195566,221196,0,-,+,DUP,27
6,7973266,7973266,12,68033662,68033662,591930,0,-,-,BND,6
6,35754560,35754560,6,35766788,35766788,225074,0,-,+,DUP,21
6,36153150,36153150,9,20509736,20509736,591479,0,+,-,BND,6
6,52291472,52291472,15,101939564,101939564,592287,0,-,+,BND,6
6,62676716,62676716,20,7615082,7615082,592623,0,-,+,BND,6
6,68101533,68101533,6,68112166,68112166,228391,0,+,-,DEL,9
6,68771874,68771874,6,111428283,111428283,233948,0,+,+,BND,6
6,129747399,129747399,8,74116211,74116211,591332,0,+,-,BND,6
6,165759782,165759782,7,88604270,88604270,591184,0,+,+,BND,6
7,26241365,26241365,15,40854180,40854180,594223,0,-,-,BND,17
7,30251916,30251916,7,81934172,81934172,258795,0,-,-,BND,9
7,46022071,46022071,9,30550486,30550486,593212,0,+,-,BND,6
7,48350855,48350855,20,7067667,7067667,594716,0,-,-,BND,6
7,70135914,70135914,7,84156449,84156449,259574,0,+,-,DEL,7
7,114529787,114529787,11,32052342,32052342,593560,0,-,-,BND,6
7,114663884,114663884,16,7870762,7870762,594341,0,+,+,BND,6
8,15289367,15289367,13,74313858,74313858,595882,0,-,-,BND,11
8,19290131,19290131,19,33827379,33827379,596493,0,-,+,BND,6
8,24972434,24972434,8,24990943,24990943,284890,0,+,-,DEL,21
8,54733613,54733613,11,129167508,129167508,595572,0,+,-,BND,6
8,74035154,74035154,14,35875224,35875224,595964,0,+,-,BND,6
8,101539574,101539574,11,92396462,92396462,595531,0,-,-,BND,6
8,144700487,144700487,8,144714692,144714692,319592,0,+,-,DEL,54
9,21832462,21832462,9,21907453,21907453,326709,0,+,+,BND,20
9,23362801,23362801,9,23377685,23377685,327181,0,+,-,DEL,7
9,35510764,35510764,17,7178168,7178168,597698,0,+,+,BND,6
MT,10,10,MT,16569,16569,570702,0,-,+,DUP,5491
MT,254,254,MT,16562,16562,570697,0,+,+,BND,11
MT,354,354,MT,13774,13774,570541,0,-,+,DUP,10
MT,3376,3376,MT,13673,13673,570543,0,-,+,DUP,15
MT,3456,3456,MT,15670,15670,570612,0,-,+,DUP,8
