chromosome,start,end,segmented_coverage
1,0,50000,0
1,50000,160000,1
1,160000,710000,0
1,710000,790000,14
1,790000,1380000,47
1,1380000,1470000,36
1,1470000,1560000,50
1,1560000,1680000,22
1,1680000,2590000,51
1,2590000,2640000,2
1,2640000,2690000,0
1,2690000,3850000,52
1,3850000,3990000,0
1,3990000,12840000,53
1,12840000,12880000,34
1,12880000,12950000,19
1,12950000,13060000,1
1,13060000,13770000,0
1,13770000,17060000,53
1,17060000,17130000,4
1,17130000,17180000,0
1,17180000,17230000,19
1,17230000,17290000,45
1,17290000,21170000,54
1,21170000,21480000,60
1,21480000,21740000,53
1,21740000,21830000,40
1,21830000,22000000,52
1,22000000,22080000,58
1,22080000,22290000,52
1,22290000,22350000,29
1,22350000,22400000,51
1,22400000,23820000,56
1,23820000,24260000,52
1,24260000,24360000,0
1,24360000,24890000,55
1,24890000,24950000,71
1,24950000,25590000,54
1,25590000,25750000,23
1,25750000,26810000,54
1,26810000,26940000,68
1,26940000,29880000,54
1,29880000,30020000,0
1,30020000,47260000,55
1,47260000,47640000,44
1,47640000,54660000,56
1,54660000,55530000,53
1,55530000,71960000,57
1,71960000,72420000,77
1,72420000,83600000,58
1,83600000,83950000,19
1,83950000,85980000,60
1,85980000,86040000,108
1,86040000,96470000,39
1,96470000,99500000,60
1,99500000,103790000,39
1,103790000,104000000,0
1,104000000,104170000,25
1,104170000,104300000,0
1,104300000,106730000,38
1,106730000,107070000,390
1,107070000,107170000,626
1,107170000,107240000,551
1,107240000,107430000,604
1,107430000,107620000,376
1,107620000,107930000,485
1,107930000,108130000,84
1,108130000,108770000,107
1,108770000,109010000,0
1,109010000,109040000,43
1,109040000,110210000,79
1,110210000,110260000,54
1,110260000,110550000,76
1,110550000,111190000,57
1,111190000,112260000,61
1,112260000,112360000,57
1,112360000,112580000,286
1,112580000,114030000,56
1,114030000,114230000,113
1,114230000,114350000,177
1,114350000,114450000,291
1,114450000,114520000,316
1,114520000,114760000,284
1,114760000,114840000,368
1,114840000,115140000,324
1,115140000,115240000,374
1,115240000,115360000,285
1,115360000,115640000,182
1,115640000,116800000,98
1,116800000,116940000,152
1,116940000,117130000,120
1,117130000,117200000,55
1,117200000,118460000,99
1,118460000,120260000,58
1,120260000,120540000,98
1,120540000,120700000,14
1,120700000,120740000,0
1,120740000,120940000,1
1,120940000,121100000,0
1,121100000,121150000,9
1,121150000,121350000,49
1,121350000,121390000,9
1,121390000,142530000,0
1,142530000,142590000,14
1,142590000,142660000,69
1,142660000,142730000,8
1,142730000,142780000,0
1,142780000,142970000,1
1,142970000,143110000,0
1,143110000,143300000,8
1,143300000,143350000,0
1,143350000,143550000,3
1,143550000,143720000,0
1,143720000,143780000,3
1,143780000,143900000,0
1,143900000,143990000,4
1,143990000,144100000,10
1,144100000,144450000,0
1,144450000,144630000,1
1,144630000,144670000,0
1,144670000,144720000,5
1,144720000,144810000,0
1,144810000,144840000,12
1,144840000,145120000,256
1,145120000,145310000,37
1,145310000,145360000,0
1,145360000,145380000,14
1,145380000,145750000,141
1,145750000,145840000,18
1,145840000,146460000,0
1,146460000,146480000,13
1,146480000,147400000,144
1,147400000,147430000,13
1,147430000,147700000,0
1,147700000,147840000,50
1,147840000,147910000,0
1,147910000,148030000,1
1,148030000,148170000,0
1,148170000,148260000,5
1,148260000,148510000,0
1,148510000,148690000,3
1,148690000,148840000,0
1,148840000,148960000,27
1,148960000,149010000,0
1,149010000,149320000,16
1,149320000,149460000,3
1,149460000,149650000,0
1,149650000,149810000,7
1,149810000,149850000,42
1,149850000,151750000,146
1,151750000,151930000,170
1,151930000,152080000,200
1,152080000,152160000,178
1,152160000,152440000,157
1,152440000,154040000,71
1,154040000,155570000,55
1,155570000,155620000,35
1,155620000,157670000,56
1,157670000,157870000,41
1,157870000,158080000,37
1,158080000,158420000,88
1,158420000,161410000,39
1,161410000,161640000,11
1,161640000,162750000,41
1,162750000,162800000,21
1,162800000,163160000,41
1,163160000,163220000,59
1,163220000,165660000,41
1,165660000,166530000,38
1,166530000,167090000,97
1,167090000,167390000,42
1,167390000,167870000,40
1,167870000,168340000,41
1,168340000,174560000,99
1,174560000,174610000,61
1,174610000,178070000,95
1,178070000,178830000,42
1,178830000,178920000,47
1,178920000,180690000,97
1,180690000,181550000,137
1,181550000,181670000,99
1,181670000,182380000,41
1,182380000,187830000,100
1,187830000,192380000,106
1,192380000,196730000,99
1,196730000,196820000,42
1,196820000,196930000,80
1,196930000,198360000,99
1,198360000,199520000,123
1,199520000,200310000,112
1,200310000,201740000,130
1,201740000,201980000,38
1,201980000,202340000,122
1,202340000,202530000,94
1,202530000,202620000,115
1,202620000,205930000,128
1,205930000,206070000,0
1,206070000,206190000,5
1,206190000,206340000,118
1,206340000,206480000,0
1,206480000,206580000,9
1,206580000,206960000,128
1,206960000,207680000,137
1,207680000,207700000,116
1,207700000,214810000,39
1,214810000,215500000,163
1,215500000,215800000,193
1,215800000,219760000,159
1,219760000,219790000,36
1,219790000,222640000,76
1,222640000,222690000,9
1,222690000,223740000,71
1,223740000,223790000,0
1,223790000,224080000,71
1,224080000,224170000,7
1,224170000,224230000,21
1,224230000,228740000,75
1,228740000,228790000,4
1,228790000,234920000,77
1,234920000,234960000,10
1,234960000,235190000,76
1,235190000,235240000,0
1,235240000,242410000,75
1,242410000,242530000,36
1,242530000,243050000,71
1,243050000,243130000,40
1,243130000,243260000,11
1,243260000,243370000,28
1,243370000,246360000,74
1,246360000,246510000,88
1,246510000,248570000,74
1,248570000,248610000,52
1,248610000,248740000,11
1,248740000,248910000,48
1,248910000,249050000,0
1,249050000,249250621,35
2,0,20000,61
2,20000,1210000,72
2,1210000,1510000,66
2,1510000,1570000,53
2,1570000,3530000,69
2,3530000,3580000,0
2,3580000,5020000,71
2,5020000,5110000,0
2,5110000,16280000,72
2,16280000,16330000,0
2,16330000,19180000,75
2,19180000,19230000,0
2,19230000,21150000,75
2,21150000,21200000,38
2,21200000,23200000,73
2,23200000,23930000,68
2,23930000,24720000,72
2,24720000,24980000,80
2,24980000,28030000,71
2,28030000,28530000,78
2,28530000,30840000,71
2,30840000,30960000,86
2,30960000,35040000,73
2,35040000,35970000,78
2,35970000,36010000,51
2,36010000,37960000,74
2,37960000,38010000,108
2,38010000,38100000,73
2,38100000,38280000,89
2,38280000,73850000,73
2,73850000,74010000,63
2,74010000,74060000,38
2,74060000,77870000,73
2,77870000,77920000,49
2,77920000,86920000,74
2,86920000,86970000,22
2,86970000,87060000,73
2,87060000,87130000,20
2,87130000,87660000,2
2,87660000,87740000,0
2,87740000,88060000,4
2,88060000,88120000,0
2,88120000,88290000,3
2,88290000,89280000,71
2,89280000,89330000,36
2,89330000,89630000,8
2,89630000,89830000,0
2,89830000,90300000,14
2,90300000,90370000,0
2,90370000,90500000,1
2,90500000,91620000,0
2,91620000,92330000,8
2,92330000,95320000,0
2,95320000,95410000,27
2,95410000,95470000,59
2,95470000,95530000,25
2,95530000,96070000,71
2,96070000,96090000,31
2,96090000,96140000,0
2,96140000,96260000,51
2,96260000,96310000,0
2,96310000,96730000,25
2,96730000,97490000,72
2,97490000,97650000,89
2,97650000,97680000,61
2,97680000,97910000,24
2,97910000,98160000,0
2,98160000,98240000,6
2,98240000,98290000,50
2,98290000,100690000,76
2,100690000,100740000,46
2,100740000,102380000,74
2,102380000,105010000,77
2,105010000,106740000,72
2,106740000,106990000,62
2,106990000,107080000,4
2,107080000,107130000,16
2,107130000,108450000,72
2,108450000,108530000,2
2,108530000,109260000,69
2,109260000,109390000,40
2,109390000,110110000,71
2,110110000,110250000,0
2,110250000,110540000,39
2,110540000,110850000,0
2,110850000,110990000,70
2,110990000,111350000,0
2,111350000,111400000,5
2,111400000,112010000,75
2,112010000,112370000,5
2,112370000,112480000,69
2,112480000,112580000,4
2,112580000,112640000,32
2,112640000,113120000,71
2,113120000,113190000,2
2,113190000,113290000,53
2,113290000,113720000,73
2,113720000,113790000,99
2,113790000,114040000,72
2,114040000,114170000,55
2,114170000,114420000,8
2,114420000,127950000,72
2,127950000,128080000,91
2,128080000,130710000,71
2,130710000,130790000,49
2,130790000,130890000,5
2,130890000,131010000,38
2,131010000,131160000,64
2,131160000,131240000,3
2,131240000,131330000,0
2,131330000,131470000,3
2,131470000,131970000,65
2,131970000,132060000,5
2,132060000,132300000,44
2,132300000,132520000,59
2,132520000,132970000,31
2,132970000,133000000,68
2,133000000,133110000,132
2,133110000,138390000,73
2,138390000,141640000,77
2,141640000,141720000,92
2,141720000,141900000,73
2,141900000,142040000,54
2,142040000,142160000,39
2,142160000,142400000,58
2,142400000,149700000,75
2,149700000,149790000,0
2,149790000,152420000,76
2,152420000,152470000,17
2,152470000,153880000,73
2,153880000,166240000,77
2,166240000,181710000,73
2,181710000,186700000,77
2,186700000,186750000,59
2,186750000,195250000,78
2,195250000,201760000,74
2,201760000,201860000,96
2,201860000,202130000,71
2,202130000,202180000,61
2,202180000,202420000,77
2,202420000,204550000,72
2,204550000,204820000,76
2,204820000,204940000,74
2,204940000,205010000,92
2,205010000,205450000,74
2,205450000,205550000,59
2,205550000,205590000,75
2,205590000,205700000,56
2,205700000,209610000,72
2,209610000,209700000,56
2,209700000,211850000,74
2,211850000,216060000,78
2,216060000,216200000,69
2,216200000,216780000,77
2,216780000,217700000,72
2,217700000,217990000,74
2,217990000,218450000,78
2,218450000,218650000,74
2,218650000,220810000,69
2,220810000,222230000,79
2,222230000,223350000,75
2,223350000,224510000,57
2,224510000,225700000,54
2,225700000,226660000,58
2,226660000,227170000,62
2,227170000,227810000,57
2,227810000,232670000,53
2,232670000,232720000,29
2,232720000,233190000,54
2,233190000,233320000,44
2,233320000,233580000,51
2,233580000,233730000,57
2,233730000,234000000,51
2,234000000,234050000,0
2,234050000,237350000,52
2,237350000,238290000,56
2,238290000,238510000,65
2,238510000,239790000,53
2,239790000,239840000,0
2,239840000,241640000,51
2,241640000,243010000,67
2,243010000,243050000,47
2,243050000,243090000,7
2,243090000,243199373,0
3,0,60000,0
3,60000,100000,81
3,100000,610000,98
3,610000,660000,49
3,660000,23510000,94
3,23510000,30280000,77
3,30280000,41320000,58
3,41320000,47780000,38
3,47780000,47870000,53
3,47870000,48510000,38
3,48510000,50430000,36
3,50430000,61600000,38
3,61600000,62060000,382
3,62060000,62430000,306
3,62430000,62640000,340
3,62640000,62840000,307
3,62840000,62960000,401
3,62960000,63030000,311
3,63030000,63190000,403
3,63190000,63640000,314
3,63640000,63700000,394
3,63700000,63750000,883
3,63750000,63930000,430
3,63930000,63980000,182
3,63980000,64960000,763
3,64960000,66180000,55
3,66180000,66270000,0
3,66270000,73870000,58
3,73870000,75300000,77
3,75300000,75410000,64
3,75410000,75570000,48
3,75570000,75800000,1
3,75800000,75930000,58
3,75930000,78780000,77
3,78780000,79420000,80
3,79420000,80630000,84
3,80630000,82570000,79
3,82570000,84640000,83
3,84640000,86350000,78
3,86350000,86400000,109
3,86400000,89910000,81
3,89910000,90510000,76
3,90510000,93500000,0
3,93500000,93680000,66
3,93680000,97020000,82
3,97020000,101520000,89
3,101520000,102930000,94
3,102930000,102980000,70
3,102980000,108280000,93
3,108280000,108370000,109
3,108370000,108840000,88
3,108840000,109260000,79
3,109260000,115790000,90
3,115790000,116080000,85
3,116080000,116190000,42
3,116190000,116270000,22
3,116270000,116550000,3
3,116550000,116850000,22
3,116850000,116930000,37
3,116930000,117060000,46
3,117060000,124410000,83
3,124410000,124640000,98
3,124640000,124940000,81
3,124940000,125090000,89
3,125090000,125420000,81
3,125420000,125700000,46
3,125700000,129220000,79
3,129220000,129340000,93
3,129340000,129370000,58
3,129370000,129610000,65
3,129610000,129720000,59
3,129720000,129930000,23
3,129930000,136350000,62
3,136350000,136440000,88
3,136440000,141120000,61
3,141120000,143750000,82
3,143750000,145820000,87
3,145820000,148150000,104
3,148150000,151400000,106
3,151400000,152270000,111
3,152270000,152540000,106
3,152540000,158030000,102
3,158030000,160740000,80
3,160740000,160770000,101
3,160770000,161250000,129
3,161250000,161440000,153
3,161440000,169360000,106
3,169360000,172070000,101
3,172070000,174670000,86
3,174670000,174920000,113
3,174920000,175340000,140
3,175340000,175490000,117
3,175490000,176580000,88
3,176580000,176840000,85
3,176840000,182540000,74
3,182540000,182660000,95
3,182660000,182810000,75
3,182810000,184520000,69
3,184520000,184720000,79
3,184720000,185540000,72
3,185540000,186790000,69
3,186790000,187130000,73
3,187130000,187190000,56
3,187190000,187580000,76
3,187580000,187630000,59
3,187630000,187800000,77
3,187800000,188000000,73
3,188000000,188070000,78
3,188070000,188120000,88
3,188120000,190630000,77
3,190630000,190770000,69
3,190770000,190970000,75
3,190970000,193190000,93
3,193190000,193260000,130
3,193260000,193690000,96
3,193690000,194130000,88
3,194130000,194200000,98
3,194200000,194990000,87
3,194990000,195150000,96
3,195150000,195190000,89
3,195190000,195350000,59
3,195350000,195410000,16
3,195410000,195450000,116
3,195450000,195660000,75
3,195660000,195730000,40
3,195730000,196770000,86
3,196770000,197050000,101
3,197050000,197120000,94
3,197120000,197350000,83
3,197350000,197400000,21
3,197400000,197820000,91
3,197820000,197860000,59
3,197860000,197910000,9
3,197910000,198022430,0
4,0,70000,103
4,70000,470000,53
4,470000,1420000,48
4,1420000,1470000,0
4,1470000,3880000,50
4,3880000,3970000,30
4,3970000,4160000,22
4,4160000,8940000,49
4,8940000,9160000,28
4,9160000,9370000,0
4,9370000,9680000,22
4,9680000,9800000,36
4,9800000,11590000,50
4,11590000,17670000,53
4,17670000,17790000,67
4,17790000,18280000,55
4,18280000,18410000,76
4,18410000,20630000,55
4,20630000,22900000,52
4,22900000,27390000,57
4,27390000,32830000,62
4,32830000,37510000,59
4,37510000,47430000,57
4,47430000,49130000,59
4,49130000,49330000,12
4,49330000,49480000,0
4,49480000,49660000,6
4,49660000,52680000,0
4,52680000,59740000,56
4,59740000,59790000,0
4,59790000,62600000,56
4,62600000,62650000,40
4,62650000,65730000,56
4,65730000,65910000,77
4,65910000,69170000,57
4,69170000,69340000,30
4,69340000,69540000,19
4,69540000,69660000,43
4,69660000,69880000,31
4,69880000,70030000,63
4,70030000,70300000,47
4,70300000,75280000,57
4,75280000,75330000,8
4,75330000,75430000,62
4,75430000,75490000,0
4,75490000,76580000,59
4,76580000,76670000,37
4,76670000,84180000,58
4,84180000,84400000,77
4,84400000,91490000,60
4,91490000,91670000,40
4,91670000,92070000,60
4,92070000,92120000,40
4,92120000,94510000,59
4,94510000,94570000,39
4,94570000,101310000,60
4,101310000,101520000,86
4,101520000,103810000,62
4,103810000,103900000,43
4,103900000,106820000,61
4,106820000,107040000,80
4,107040000,108850000,59
4,108850000,112450000,56
4,112450000,112570000,79
4,112570000,118840000,59
4,118840000,119340000,52
4,119340000,119370000,9
4,119370000,119520000,19
4,119520000,119590000,7
4,119590000,120260000,52
4,120260000,120390000,20
4,120390000,121380000,54
4,121380000,124700000,51
4,124700000,125790000,55
4,125790000,125940000,78
4,125940000,132580000,52
4,132580000,132900000,21
4,132900000,133270000,54
4,133270000,135410000,63
4,135410000,142820000,59
4,142820000,144020000,63
4,144020000,144710000,58
4,144710000,145080000,34
4,145080000,147440000,57
4,147440000,147600000,49
4,147600000,148390000,59
4,148390000,148950000,77
4,148950000,152450000,59
4,152450000,152540000,79
4,152540000,161200000,58
4,161200000,161510000,61
4,161510000,161570000,81
4,161570000,163380000,62
4,163380000,165020000,59
4,165020000,166130000,53
4,166130000,166210000,32
4,166210000,171620000,58
4,171620000,174260000,61
4,174260000,174400000,59
4,174400000,174460000,50
4,174460000,174520000,58
4,174520000,174570000,43
4,174570000,174670000,58
4,174670000,174750000,73
4,174750000,175970000,60
4,175970000,176360000,84
4,176360000,176510000,62
4,176510000,181490000,58
4,181490000,181690000,38
4,181690000,181800000,24
4,181800000,181850000,0
4,181850000,181920000,19
4,181920000,182320000,0
4,182320000,182580000,18
4,182580000,182830000,39
4,182830000,183620000,19
4,183620000,189150000,37
4,189150000,189200000,53
4,189200000,190470000,36
4,190470000,190540000,21
4,190540000,190680000,221
4,190680000,190940000,24
4,190940000,191154276,0
5,0,210000,129
5,210000,310000,86
5,310000,680000,129
5,680000,850000,65
5,850000,1260000,130
5,1260000,1570000,97
5,1570000,1640000,61
5,1640000,7170000,99
5,7170000,7310000,72
5,7310000,8900000,100
5,8900000,9280000,119
5,9280000,11350000,124
5,11350000,13970000,134
5,13970000,14380000,124
5,14380000,16330000,114
5,16330000,17220000,104
5,17220000,17510000,113
5,17510000,17540000,2
5,17540000,17590000,0
5,17590000,17640000,47
5,17640000,20700000,119
5,20700000,20940000,38
5,20940000,21270000,118
5,21270000,21390000,34
5,21390000,21520000,72
5,21520000,21570000,181
5,21570000,21940000,117
5,21940000,22010000,50
5,22010000,22130000,105
5,22130000,22220000,46
5,22220000,22500000,117
5,22500000,24160000,122
5,24160000,28750000,114
5,28750000,31540000,95
5,31540000,32830000,87
5,32830000,34070000,92
5,34070000,34410000,28
5,34410000,37440000,92
5,37440000,37490000,58
5,37490000,46410000,91
5,46410000,49430000,0
5,49430000,68830000,78
5,68830000,68870000,2
5,68870000,70650000,0
5,70650000,70740000,21
5,70740000,71060000,77
5,71060000,71140000,96
5,71140000,74900000,78
5,74900000,76290000,73
5,76290000,85560000,78
5,85560000,85610000,34
5,85610000,91640000,79
5,91640000,91690000,0
5,91690000,98740000,79
5,98740000,98880000,21
5,98880000,99390000,78
5,99390000,99440000,28
5,99440000,99680000,80
5,99680000,99740000,19
5,99740000,102030000,82
5,102030000,105950000,85
5,105950000,107700000,81
5,107700000,111810000,77
5,111810000,112310000,82
5,112310000,112450000,98
5,112450000,125920000,81
5,125920000,126250000,70
5,126250000,128360000,81
5,128360000,128850000,107
5,128850000,138790000,78
5,138790000,138840000,0
5,138840000,142410000,75
5,142410000,143720000,83
5,143720000,152670000,78
5,152670000,152720000,54
5,152720000,154140000,78
5,154140000,154410000,97
5,154410000,155140000,78
5,155140000,155190000,0
5,155190000,155470000,79
5,155470000,155520000,41
5,155520000,160510000,76
5,160510000,160800000,79
5,160800000,162110000,84
5,162110000,166140000,79
5,166140000,168900000,77
5,168900000,171430000,95
5,171430000,172730000,92
5,172730000,175320000,97
5,175320000,175370000,44
5,175370000,175550000,4
5,175550000,175620000,81
5,175620000,175720000,25
5,175720000,177050000,91
5,177050000,177140000,25
5,177140000,177360000,4
5,177360000,177480000,32
5,177480000,177590000,152
5,177590000,178860000,90
5,178860000,178960000,79
5,178960000,179060000,90
5,179060000,179110000,61
5,179110000,180720000,90
5,180720000,180740000,2
5,180740000,180915260,0
6,0,200000,0
6,200000,290000,74
6,290000,380000,134
6,380000,2980000,68
6,2980000,3300000,63
6,3300000,5180000,69
6,5180000,5370000,54
6,5370000,5680000,69
6,5680000,6330000,62
6,6330000,8290000,68
6,8290000,9860000,72
6,9860000,11890000,67
6,11890000,12660000,73
6,12660000,22230000,68
6,22230000,26000000,71
6,26000000,26660000,66
6,26660000,26710000,42
6,26710000,26970000,13
6,26970000,28480000,68
6,28480000,28660000,33
6,28660000,28700000,20
6,28700000,28840000,8
6,28840000,28950000,13
6,28950000,29670000,9
6,29670000,29740000,5
6,29740000,29830000,9
6,29830000,29940000,1
6,29940000,30090000,10
6,30090000,30220000,6
6,30220000,30350000,10
6,30350000,30430000,3
6,30430000,30510000,6
6,30510000,30720000,8
6,30720000,30800000,15
6,30800000,30980000,9
6,30980000,31350000,4
6,31350000,31460000,12
6,31460000,31510000,5
6,31510000,31710000,8
6,31710000,31950000,9
6,31950000,32000000,0
6,32000000,32410000,11
6,32410000,32450000,19
6,32450000,32680000,29
6,32680000,32750000,5
6,32750000,32800000,15
6,32800000,33250000,8
6,33250000,33380000,13
6,33380000,33450000,31
6,33450000,34800000,65
6,34800000,34890000,84
6,34890000,36950000,67
6,36950000,37200000,62
6,37200000,37790000,66
6,37790000,41300000,69
6,41300000,42290000,64
6,42290000,42690000,69
6,42690000,43240000,62
6,43240000,44840000,67
6,44840000,44880000,44
6,44880000,51740000,71
6,51740000,51810000,54
6,51810000,52610000,69
6,52610000,52790000,60
6,52790000,53680000,71
6,53680000,57080000,75
6,57080000,57210000,66
6,57210000,57370000,134
6,57370000,57580000,193
6,57580000,57690000,74
6,57690000,57960000,36
6,57960000,58010000,63
6,58010000,58080000,39
6,58080000,58130000,0
6,58130000,58790000,30
6,58790000,61880000,0
6,61880000,62060000,70
6,62060000,62120000,39
6,62120000,62170000,0
6,62170000,67000000,71
6,67000000,67050000,36
6,67050000,70120000,72
6,70120000,70230000,55
6,70230000,75670000,66
6,75670000,75760000,52
6,75760000,76400000,71
6,76400000,76480000,86
6,76480000,76810000,71
6,76810000,78970000,66
6,78970000,79030000,0
6,79030000,84130000,69
6,84130000,91200000,66
6,91200000,95650000,70
6,95650000,95690000,28
6,95690000,95830000,0
6,95830000,100520000,67
6,100520000,103670000,70
6,103670000,107880000,66
6,107880000,107950000,103
6,107950000,108620000,64
6,108620000,110830000,67
6,110830000,111070000,84
6,111070000,117410000,67
6,117410000,117510000,54
6,117510000,127840000,68
6,127840000,129150000,72
6,129150000,147800000,68
6,147800000,150260000,65
6,150260000,150350000,50
6,150350000,151820000,64
6,151820000,151870000,82
6,151870000,152050000,117
6,152050000,153520000,69
6,153520000,154430000,79
6,154430000,155060000,75
6,155060000,155210000,80
6,155210000,155320000,69
6,155320000,157560000,40
6,157560000,157690000,0
6,157690000,161030000,39
6,161030000,161080000,12
6,161080000,161140000,30
6,161140000,161550000,40
6,161550000,162540000,37
6,162540000,167580000,39
6,167580000,167950000,30
6,167950000,168040000,0
6,168040000,168370000,40
6,168370000,169780000,37
6,169780000,170030000,41
6,170030000,170280000,75
6,170280000,170330000,0
6,170330000,170940000,63
6,170940000,171115067,0
7,0,230000,36
7,230000,280000,0
7,280000,1850000,84
7,1850000,1900000,61
7,1900000,2790000,85
7,2790000,3350000,91
7,3350000,3610000,104
7,3610000,4100000,94
7,4100000,5910000,82
7,5910000,5950000,41
7,5950000,6020000,2
7,6020000,6790000,84
7,6790000,6850000,3
7,6850000,7040000,48
7,7040000,9310000,99
7,9310000,10860000,76
7,10860000,13660000,80
7,13660000,16430000,77
7,16430000,18560000,83
7,18560000,20570000,79
7,20570000,22530000,76
7,22530000,22580000,33
7,22580000,26220000,74
7,26220000,26280000,114
7,26280000,27040000,78
7,27040000,27350000,69
7,27350000,29700000,76
7,29700000,29750000,37
7,29750000,31670000,75
7,31670000,32720000,112
7,32720000,32790000,51
7,32790000,32900000,86
7,32900000,33000000,110
7,33000000,33050000,47
7,33050000,34900000,117
7,34900000,35090000,95
7,35090000,35240000,57
7,35240000,35290000,89
7,35290000,35950000,60
7,35950000,36010000,32
7,36010000,38270000,58
7,38270000,38410000,47
7,38410000,39800000,59
7,39800000,39850000,29
7,39850000,39940000,49
7,39940000,40410000,57
7,40410000,43790000,60
7,43790000,44000000,57
7,44000000,44080000,16
7,44080000,45770000,57
7,45770000,45890000,25
7,45890000,46030000,56
7,46030000,47090000,62
7,47090000,47440000,59
7,47440000,47570000,57
7,47570000,47680000,53
7,47680000,47800000,56
7,47800000,48740000,59
7,48740000,48790000,76
7,48790000,48880000,59
7,48880000,48970000,34
7,48970000,50370000,59
7,50370000,50420000,0
7,50420000,55730000,58
7,55730000,55830000,26
7,55830000,56390000,52
7,56390000,56500000,26
7,56500000,56800000,54
7,56800000,56860000,22
7,56860000,57160000,2
7,57160000,58060000,51
7,58060000,61050000,0
7,61050000,61140000,7
7,61140000,61510000,0
7,61510000,61570000,88
7,61570000,61730000,0
7,61730000,61920000,88
7,61920000,61960000,0
7,61960000,62450000,87
7,62450000,62680000,66
7,62680000,62750000,27
7,62750000,62900000,0
7,62900000,63110000,1
7,63110000,63200000,6
7,63200000,63290000,17
7,63290000,63310000,40
7,63310000,64470000,72
7,64470000,64530000,41
7,64530000,64570000,24
7,64570000,64680000,4
7,64680000,64980000,34
7,64980000,65180000,2
7,65180000,65260000,37
7,65260000,65310000,71
7,65310000,65360000,46
7,65360000,65700000,69
7,65700000,65830000,79
7,65830000,66460000,68
7,66460000,66810000,42
7,66810000,67130000,71
7,67130000,69030000,69
7,69030000,69130000,74
7,69130000,69200000,59
7,69200000,70000000,75
7,70000000,70250000,54
7,70250000,71990000,69
7,71990000,72320000,44
7,72320000,72400000,29
7,72400000,72440000,6
7,72440000,72650000,0
7,72650000,72710000,6
7,72710000,74150000,66
7,74150000,74270000,1
7,74270000,74370000,5
7,74370000,74410000,1
7,74410000,75040000,0
7,75040000,75150000,12
7,75150000,76060000,68
7,76060000,76800000,13
7,76800000,77870000,76
7,77870000,79770000,96
7,79770000,80220000,104
7,80220000,80280000,121
7,80280000,81390000,103
7,81390000,89740000,98
7,89740000,89790000,39
7,89790000,91280000,94
7,91280000,94470000,100
7,94470000,97390000,93
7,97390000,97500000,84
7,97500000,97580000,35
7,97580000,97640000,69
7,97640000,99810000,89
7,99810000,99860000,64
7,99860000,99940000,41
7,99940000,100370000,84
7,100370000,100560000,99
7,100560000,100610000,0
7,100610000,101290000,100
7,101290000,101330000,0
7,101330000,102120000,95
7,102120000,102330000,0
7,102330000,102450000,32
7,102450000,102800000,113
7,102800000,102930000,56
7,102930000,106750000,112
7,106750000,113130000,118
7,113130000,113180000,78
7,113180000,114150000,117
7,114150000,121870000,78
7,121870000,121960000,61
7,121960000,122770000,77
7,122770000,123020000,99
7,123020000,126520000,78
7,126520000,126570000,53
7,126570000,128100000,76
7,128100000,128300000,39
7,128300000,130160000,74
7,130160000,130250000,0
7,130250000,130280000,42
7,130280000,131020000,77
7,131020000,131180000,84
7,131180000,132420000,75
7,132420000,132800000,81
7,132800000,132900000,74
7,132900000,133500000,81
7,133500000,136430000,77
7,136430000,139370000,74
7,139370000,139420000,0
7,139420000,142050000,74
7,142050000,142100000,0
7,142100000,142280000,70
7,142280000,142330000,0
7,142330000,143220000,72
7,143220000,143350000,1
7,143350000,143400000,0
7,143400000,143570000,1
7,143570000,143880000,76
7,143880000,144070000,1
7,144070000,149590000,74
7,149590000,149810000,20
7,149810000,150000000,26
7,150000000,151900000,72
7,151900000,151950000,49
7,151950000,152460000,71
7,152460000,152540000,26
7,152540000,153400000,72
7,153400000,153520000,27
7,153520000,153660000,66
7,153660000,153860000,21
7,153860000,154280000,66
7,154280000,154370000,0
7,154370000,154470000,57
7,154470000,155150000,73
7,155150000,155260000,66
7,155260000,156410000,73
7,156410000,156650000,80
7,156650000,157210000,72
7,157210000,158250000,67
7,158250000,158640000,111
7,158640000,159138663,72
8,0,160000,0
8,160000,400000,25
8,400000,2200000,34
8,2200000,2250000,69
8,2250000,3090000,37
8,3090000,3160000,29
8,3160000,6830000,37
8,6830000,7040000,3
8,7040000,7150000,0
8,7150000,7200000,1
8,7200000,7260000,10
8,7260000,8020000,0
8,8020000,8070000,1
8,8070000,8090000,10
8,8090000,11860000,37
8,11860000,11900000,18
8,11900000,12390000,0
8,12390000,12450000,39
8,12450000,12530000,12
8,12530000,16070000,38
8,16070000,19710000,40
8,19710000,21620000,37
8,21620000,21670000,3
8,21670000,28510000,38
8,28510000,28570000,56
8,28570000,38860000,38
8,38860000,39720000,42
8,39720000,40010000,38
8,40010000,40470000,42
8,40470000,42780000,37
8,42780000,43440000,19
8,43440000,43840000,44
8,43840000,46830000,0
8,46830000,46880000,3
8,46880000,48180000,62
8,48180000,48230000,0
8,48230000,52040000,64
8,52040000,68130000,61
8,68130000,68180000,83
8,68180000,69390000,61
8,69390000,70150000,67
8,70150000,70730000,61
8,70730000,71020000,53
8,71020000,76460000,61
8,76460000,83030000,81
8,83030000,84110000,87
8,84110000,86290000,80
8,86290000,86560000,155
8,86560000,86580000,1
8,86580000,86830000,0
8,86830000,91760000,159
8,91760000,92510000,127
8,92510000,93460000,115
8,93460000,94400000,128
8,94400000,100100000,118
8,100100000,101970000,127
8,101970000,102460000,139
8,102460000,102550000,171
8,102550000,104620000,138
8,104620000,106790000,155
8,106790000,111280000,139
8,111280000,111930000,149
8,111930000,112370000,143
8,112370000,115690000,83
8,115690000,118430000,90
8,118430000,119740000,85
8,119740000,120170000,92
8,120170000,121560000,83
8,121560000,124710000,144
8,124710000,125410000,165
8,125410000,125780000,155
8,125780000,126210000,180
8,126210000,127810000,161
8,127810000,128130000,88
8,128130000,129140000,163
8,129140000,129280000,198
8,129280000,129900000,165
8,129900000,130940000,87
8,130940000,131100000,78
8,131100000,131370000,87
8,131370000,131540000,80
8,131540000,132050000,85
8,132050000,132240000,81
8,132240000,132290000,62
8,132290000,138740000,81
8,138740000,139980000,74
8,139980000,141690000,82
8,141690000,141980000,91
8,141980000,142750000,79
8,142750000,142810000,0
8,142810000,142830000,3
8,142830000,144170000,78
8,144170000,144290000,119
8,144290000,145190000,74
8,145190000,145290000,14
8,145290000,145500000,0
8,145500000,146310000,74
8,146310000,146364022,0
9,0,200000,4
9,200000,240000,66
9,240000,640000,77
9,640000,1050000,107
9,1050000,1150000,77
9,1150000,1210000,107
9,1210000,1400000,79
9,1400000,9050000,57
9,9050000,9760000,39
9,9760000,12250000,57
9,12250000,14310000,62
9,14310000,15680000,56
9,15680000,15880000,74
9,15880000,17250000,54
9,17250000,17300000,41
9,17300000,17900000,56
9,17900000,17950000,45
9,17950000,21800000,57
9,21800000,21840000,39
9,21840000,21980000,0
9,21980000,22080000,14
9,22080000,23360000,59
9,23360000,23410000,31
9,23410000,29850000,57
9,29850000,30340000,78
9,30340000,33530000,57
9,33530000,33610000,30
9,33610000,35250000,54
9,35250000,35580000,60
9,35580000,35860000,54
9,35860000,36110000,59
9,36110000,37140000,54
9,37140000,37370000,62
9,37370000,38470000,56
9,38470000,38540000,50
9,38540000,38620000,29
9,38620000,38780000,53
9,38780000,38990000,0
9,38990000,39080000,7
9,39080000,39190000,18
9,39190000,40590000,0
9,40590000,40660000,2
9,40660000,40710000,0
9,40710000,40840000,1
9,40840000,43830000,0
9,43830000,43940000,1
9,43940000,44050000,0
9,44050000,44160000,6
9,44160000,44290000,16
9,44290000,44720000,0
9,44720000,44910000,17
9,44910000,45350000,0
9,45350000,45480000,1
9,45480000,47160000,0
9,47160000,47220000,6
9,47220000,66240000,0
9,66240000,66360000,4
9,66360000,66450000,0
9,66450000,66590000,3
9,66590000,66660000,0
9,66660000,66820000,2
9,66820000,66870000,73
9,66870000,67210000,0
9,67210000,67370000,1
9,67370000,68140000,0
9,68140000,68380000,12
9,68380000,68440000,97
9,68440000,68520000,15
9,68520000,68660000,0
9,68660000,68840000,1
9,68840000,68980000,0
9,68980000,69280000,1
9,69280000,69400000,0
9,69400000,69580000,1
9,69580000,69770000,0
9,69770000,69850000,13
9,69850000,70020000,1
9,70020000,70550000,0
9,70550000,70740000,1
9,70740000,70950000,0
9,70950000,71030000,11
9,71030000,71700000,58
9,71700000,71750000,45
9,71750000,72020000,57
9,72020000,72130000,42
9,72130000,73310000,58
9,73310000,73360000,0
9,73360000,78150000,57
9,78150000,92350000,74
9,92350000,92440000,0
9,92440000,92530000,72
9,92530000,92670000,0
9,92670000,97070000,75
9,97070000,97200000,13
9,97200000,99660000,74
9,99660000,99790000,15
9,99790000,99890000,72
9,99890000,100020000,62
9,100020000,100660000,77
9,100660000,100820000,92
9,100820000,112750000,76
9,112750000,113190000,69
9,113190000,115820000,78
9,115820000,115880000,10
9,115880000,130160000,75
9,130160000,133080000,70
9,133080000,133220000,0
9,133220000,136410000,71
9,136410000,136460000,8
9,136460000,137040000,68
9,137040000,137090000,0
9,137090000,139170000,70
9,139170000,139220000,0
9,139220000,140400000,67
9,140400000,140460000,107
9,140460000,141020000,73
9,141020000,141130000,12
9,141130000,141213431,0
10,0,60000,0
10,60000,110000,5
10,110000,130000,56
10,130000,310000,98
10,310000,3460000,90
10,3460000,4390000,95
10,4390000,4830000,101
10,4830000,5000000,93
10,5000000,5060000,63
10,5060000,8480000,93
10,8480000,9120000,112
10,9120000,9280000,139
10,9280000,9870000,107
10,9870000,11690000,93
10,11690000,13530000,72
10,13530000,13660000,112
10,13660000,15030000,74
10,15030000,15080000,56
10,15080000,17780000,74
10,17780000,18210000,0
10,18210000,37440000,76
10,37440000,37490000,18
10,37490000,38520000,73
10,38520000,38680000,36
10,38680000,38770000,14
10,38770000,38820000,69
10,38820000,38870000,0
10,38870000,38890000,106
10,38890000,39080000,28
10,39080000,39160000,88
10,39160000,42350000,0
10,42350000,42540000,108
10,42540000,42590000,0
10,42590000,42670000,55
10,42670000,42790000,28
10,42790000,46170000,71
10,46170000,46290000,10
10,46290000,46900000,0
10,46900000,46940000,2
10,46940000,47160000,102
10,47160000,47530000,0
10,47530000,47710000,54
10,47710000,47770000,1
10,47770000,48300000,0
10,48300000,48670000,72
10,48670000,49190000,0
10,49190000,49360000,1
10,49360000,49390000,3
10,49390000,51060000,73
10,51060000,51140000,12
10,51140000,51450000,0
10,51450000,51600000,31
10,51600000,51720000,0
10,51720000,51870000,7
10,51870000,52000000,0
10,52000000,52420000,75
10,52420000,52550000,25
10,52550000,56420000,76
10,56420000,56470000,109
10,56470000,61670000,76
10,61670000,64250000,80
10,64250000,69310000,76
10,69310000,69650000,68
10,69650000,69920000,77
10,69920000,74220000,70
10,74220000,75420000,74
10,75420000,75470000,25
10,75470000,81260000,72
10,81260000,81310000,25
10,81310000,81410000,66
10,81410000,81460000,23
10,81460000,81640000,10
10,81640000,82020000,58
10,82020000,82490000,72
10,82490000,85620000,77
10,85620000,86490000,72
10,86490000,86540000,55
10,86540000,88760000,72
10,88760000,88870000,53
10,88870000,88980000,24
10,88980000,89250000,4
10,89250000,89290000,52
10,89290000,94820000,75
10,94820000,108930000,72
10,108930000,110610000,79
10,110610000,114670000,72
10,114670000,115300000,54
10,115300000,117430000,76
10,117430000,117460000,90
10,117460000,117670000,103
10,117670000,117690000,88
10,117690000,124330000,72
10,124330000,124380000,41
10,124380000,125870000,73
10,125870000,125920000,0
10,125920000,126960000,69
10,126960000,127570000,75
10,127570000,127620000,60
10,127620000,128570000,72
10,128570000,128620000,52
10,128620000,128760000,0
10,128760000,128780000,44
10,128780000,131630000,70
10,131630000,133380000,67
10,133380000,133430000,0
10,133430000,133680000,67
10,133680000,133730000,0
10,133730000,135430000,65
10,135430000,135480000,10
10,135480000,135534747,0
11,0,170000,0
11,170000,1160000,33
11,1160000,1210000,0
11,1210000,3290000,35
11,3290000,3350000,0
11,3350000,3620000,20
11,3620000,4240000,36
11,4240000,4380000,6
11,4380000,11940000,38
11,11940000,18490000,57
11,18490000,18580000,77
11,18580000,23480000,58
11,23480000,24890000,61
11,24890000,36760000,58
11,36760000,39310000,63
11,39310000,43660000,58
11,43660000,44300000,39
11,44300000,45820000,37
11,45820000,45960000,89
11,45960000,46140000,104
11,46140000,48340000,92
11,48340000,48390000,151
11,48390000,48560000,72
11,48560000,48870000,91
11,48870000,50330000,69
11,50330000,50770000,106
11,50770000,50790000,51
11,50790000,51190000,0
11,51190000,51600000,34
11,51600000,54790000,0
11,54790000,59450000,37
11,59450000,60970000,74
11,60970000,61020000,5
11,61020000,65180000,71
11,65180000,65870000,87
11,65870000,65980000,96
11,65980000,66370000,86
11,66370000,66650000,108
11,66650000,66760000,87
11,66760000,66850000,105
11,66850000,67470000,89
11,67470000,67600000,46
11,67600000,67730000,31
11,67730000,67760000,46
11,67760000,69090000,91
11,69090000,69140000,0
11,69140000,69720000,91
11,69720000,69780000,0
11,69780000,71300000,89
11,71300000,71340000,54
11,71340000,71470000,36
11,71470000,71540000,46
11,71540000,71620000,59
11,71620000,77600000,96
11,77600000,77670000,57
11,77670000,77730000,98
11,77730000,77910000,90
11,77910000,79380000,97
11,79380000,80950000,103
11,80950000,81250000,81
11,81250000,84160000,98
11,84160000,85030000,106
11,85030000,86530000,99
11,86530000,86570000,77
11,86570000,87690000,39
11,87690000,87740000,0
11,87740000,88570000,39
11,88570000,88890000,28
11,88890000,88970000,39
11,88970000,89170000,28
11,89170000,89280000,39
11,89280000,89350000,28
11,89350000,89480000,21
11,89480000,89550000,3
11,89550000,89740000,0
11,89740000,89830000,2
11,89830000,94070000,39
11,94070000,94130000,30
11,94130000,96290000,40
11,96290000,96430000,0
11,96430000,96470000,24
11,96470000,111580000,39
11,111580000,114410000,37
11,114410000,114490000,48
11,114490000,117130000,38
11,117130000,117230000,72
11,117230000,117380000,89
11,117380000,117750000,106
11,117750000,118400000,115
11,118400000,118990000,105
11,118990000,119380000,74
11,119380000,128830000,38
11,128830000,129170000,42
11,129170000,134790000,37
11,134790000,134950000,32
11,134950000,135006516,0
12,0,140000,0
12,140000,190000,23
12,190000,830000,55
12,830000,920000,58
12,920000,1000000,63
12,1000000,1210000,56
12,1210000,1570000,62
12,1570000,2160000,58
12,2160000,7190000,55
12,7190000,7240000,0
12,7240000,7810000,57
12,7810000,8160000,48
12,8160000,8320000,56
12,8320000,8530000,23
12,8530000,8580000,2
12,8580000,9570000,52
12,9570000,9640000,8
12,9640000,9730000,0
12,9730000,11500000,57
12,11500000,11550000,20
12,11550000,14930000,57
12,14930000,17140000,62
12,17140000,22600000,58
12,22600000,29240000,60
12,29240000,31200000,57
12,31200000,31350000,20
12,31350000,33050000,57
12,33050000,34080000,99
12,34080000,34860000,76
12,34860000,37850000,0
12,37850000,37900000,35
12,37900000,37990000,58
12,37990000,38420000,84
12,38420000,38750000,67
12,38750000,40150000,77
12,40150000,40250000,108
12,40250000,40320000,77
12,40320000,40400000,42
12,40400000,43310000,76
12,43310000,46560000,79
12,46560000,46610000,109
12,46610000,48100000,81
12,48100000,49660000,75
12,49660000,53240000,92
12,53240000,53480000,106
12,53480000,53610000,92
12,53610000,53850000,86
12,53850000,54360000,93
12,54360000,54470000,69
12,54470000,54520000,38
12,54520000,58060000,73
12,58060000,58300000,93
12,58300000,60090000,80
12,60090000,60180000,97
12,60180000,61120000,106
12,61120000,62160000,98
12,62160000,62770000,123
12,62770000,62840000,142
12,62840000,63930000,117
12,63930000,64140000,57
12,64140000,65630000,115
12,65630000,74490000,97
12,74490000,75910000,105
12,75910000,78920000,97
12,78920000,79880000,104
12,79880000,79970000,94
12,79970000,80150000,121
12,80150000,80840000,99
12,80840000,80890000,67
12,80890000,86270000,99
12,86270000,87370000,77
12,87370000,92390000,82
12,92390000,97130000,76
12,97130000,98040000,82
12,98040000,98130000,62
12,98130000,101040000,79
12,101040000,101110000,97
12,101110000,101650000,80
12,101650000,109370000,76
12,109370000,109420000,0
12,109420000,110450000,73
12,110450000,111270000,55
12,111270000,111870000,71
12,111870000,112010000,83
12,112010000,113470000,74
12,113470000,114530000,71
12,114530000,114770000,76
12,114770000,115070000,71
12,115070000,115270000,67
12,115270000,115480000,74
12,115480000,116390000,76
12,116390000,116710000,84
12,116710000,116850000,78
12,116850000,120620000,73
12,120620000,120790000,86
12,120790000,121210000,70
12,121210000,121340000,77
12,121340000,122530000,70
12,122530000,122580000,0
12,122580000,123160000,72
12,123160000,123210000,45
12,123210000,125680000,71
12,125680000,127430000,73
12,127430000,129250000,70
12,129250000,129600000,63
12,129600000,131680000,70
12,131680000,132170000,62
12,132170000,132710000,70
12,132710000,132800000,0
12,132800000,132840000,35
12,132840000,133050000,65
12,133050000,133120000,101
12,133120000,133510000,65
12,133510000,133670000,0
12,133670000,133851895,47
13,0,19020000,0
13,19020000,19100000,9
13,19100000,19160000,3
13,19160000,19200000,12
13,19200000,19250000,22
13,19250000,19280000,32
13,19280000,19350000,41
13,19350000,19450000,32
13,19450000,19940000,68
13,19940000,20140000,52
13,20140000,20210000,65
13,20210000,24880000,76
13,24880000,25180000,62
13,25180000,25510000,74
13,25510000,25610000,51
13,25610000,32270000,75
13,32270000,36890000,80
13,36890000,41220000,77
13,41220000,41480000,66
13,41480000,46590000,77
13,46590000,46960000,101
13,46960000,47040000,48
13,47040000,47100000,91
13,47100000,48120000,136
13,48120000,48270000,58
13,48270000,48320000,39
13,48320000,52610000,58
13,52610000,52790000,53
13,52790000,52910000,13
13,52910000,53060000,53
13,53060000,53160000,9
13,53160000,53190000,38
13,53190000,57710000,58
13,57710000,57760000,6
13,57760000,57810000,45
13,57810000,60320000,58
13,60320000,61280000,40
13,61280000,61410000,33
13,61410000,63610000,40
13,63610000,63660000,59
13,63660000,63750000,39
13,63750000,63800000,36
13,63800000,64290000,41
13,64290000,64410000,11
13,64410000,66800000,42
13,66800000,66850000,32
13,66850000,69000000,41
13,69000000,69960000,44
13,69960000,73090000,41
13,73090000,80380000,39
13,80380000,80430000,27
13,80430000,81690000,38
13,81690000,86770000,42
13,86770000,86910000,0
13,86910000,91290000,39
13,91290000,96420000,38
13,96420000,98240000,40
13,98240000,102200000,37
13,102200000,110690000,39
13,110690000,112360000,36
13,112360000,112500000,0
13,112500000,114330000,35
13,114330000,114420000,0
13,114420000,114640000,34
13,114640000,114730000,0
13,114730000,115110000,30
13,115110000,115169878,0
14,0,19000000,0
14,19000000,19130000,79
14,19130000,19440000,2
14,19440000,19490000,30
14,19490000,19780000,1
14,19780000,19830000,22
14,19830000,19910000,2
14,19910000,20080000,0
14,20080000,20190000,3
14,20190000,22120000,93
14,22120000,23010000,104
14,23010000,24230000,93
14,24230000,24360000,109
14,24360000,24420000,94
14,24420000,24500000,47
14,24500000,25000000,90
14,25000000,28220000,103
14,28220000,28320000,76
14,28320000,28580000,113
14,28580000,30650000,101
14,30650000,30860000,120
14,30860000,34740000,101
14,34740000,35660000,93
14,35660000,38030000,112
14,38030000,38180000,164
14,38180000,41610000,114
14,41610000,41670000,51
14,41670000,45020000,119
14,45020000,70920000,111
14,70920000,71020000,89
14,71020000,72850000,111
14,72850000,72890000,90
14,72890000,73290000,108
14,73290000,73530000,102
14,73530000,73990000,108
14,73990000,74040000,26
14,74040000,74070000,81
14,74070000,80550000,107
14,80550000,80570000,86
14,80570000,86540000,112
14,86540000,86590000,72
14,86590000,89490000,111
14,89490000,89750000,106
14,89750000,89980000,98
14,89980000,91330000,107
14,91330000,91510000,118
14,91510000,92140000,104
14,92140000,92310000,119
14,92310000,93710000,104
14,93710000,94180000,114
14,94180000,94620000,104
14,94620000,94810000,118
14,94810000,96740000,108
14,96740000,97390000,113
14,97390000,100590000,107
14,100590000,100850000,99
14,100850000,101000000,111
14,101000000,101380000,100
14,101380000,101470000,123
14,101470000,102460000,105
14,102460000,102510000,140
14,102510000,104550000,104
14,104550000,106010000,100
14,106010000,106650000,76
14,106650000,107290000,104
14,107290000,107349540,0
15,0,20000000,0
15,20000000,20040000,60
15,20040000,20170000,30
15,20170000,20200000,51
15,20200000,20270000,1
15,20270000,20390000,0
15,20390000,20630000,86
15,20630000,20840000,0
15,20840000,20900000,46
15,20900000,21880000,0
15,21880000,21950000,51
15,21950000,22180000,1
15,22180000,22290000,0
15,22290000,22590000,82
15,22590000,22740000,0
15,22740000,23100000,48
15,23100000,23320000,10
15,23320000,23610000,0
15,23610000,24340000,53
15,24340000,24820000,38
15,24820000,27140000,55
15,27140000,28230000,57
15,28230000,28440000,52
15,28440000,28480000,28
15,28480000,28570000,35
15,28570000,28920000,0
15,28920000,29020000,9
15,29020000,29100000,21
15,29100000,29160000,52
15,29160000,29210000,0
15,29210000,30380000,55
15,30380000,30910000,0
15,30910000,31060000,23
15,31060000,31150000,40
15,31150000,31910000,56
15,31910000,32020000,24
15,32020000,32450000,55
15,32450000,32520000,2
15,32520000,32790000,0
15,32790000,32920000,2
15,32920000,33580000,59
15,33580000,33630000,71
15,33630000,33650000,50
15,33650000,34630000,57
15,34630000,34670000,51
15,34670000,34860000,6
15,34860000,34880000,27
15,34880000,37590000,59
15,37590000,37770000,49
15,37770000,39150000,59
15,39150000,40130000,62
15,40130000,40360000,60
15,40360000,40640000,57
15,40640000,41920000,54
15,41920000,43840000,57
15,43840000,43870000,24
15,43870000,44010000,4
15,44010000,44060000,40
15,44060000,45110000,56
15,45110000,45380000,40
15,45380000,46050000,54
15,46050000,49740000,59
15,49740000,49780000,181
15,49780000,50640000,217
15,50640000,54560000,172
15,54560000,57060000,95
15,57060000,57520000,59
15,57520000,57570000,70
15,57570000,63020000,58
15,63020000,64590000,95
15,64590000,65000000,90
15,65000000,65200000,85
15,65200000,65850000,90
15,65850000,66230000,96
15,66230000,67150000,89
15,67150000,67490000,93
15,67490000,68090000,99
15,68090000,69460000,93
15,69460000,69560000,106
15,69560000,70620000,93
15,70620000,72920000,113
15,72920000,72970000,4
15,72970000,74350000,112
15,74350000,74400000,12
15,74400000,74430000,87
15,74430000,75530000,105
15,75530000,75550000,79
15,75550000,75600000,11
15,75600000,75970000,103
15,75970000,76100000,90
15,76100000,77900000,115
15,77900000,78160000,105
15,78160000,78290000,69
15,78290000,79010000,108
15,79010000,79080000,67
15,79080000,82590000,109
15,82590000,83210000,0
15,83210000,84810000,109
15,84810000,84850000,51
15,84850000,84910000,1
15,84910000,84960000,47
15,84960000,85060000,0
15,85060000,85730000,112
15,85730000,85790000,1
15,85790000,85840000,41
15,85840000,87390000,114
15,87390000,87650000,147
15,87650000,87750000,128
15,87750000,88370000,119
15,88370000,91760000,107
15,91760000,92390000,120
15,92390000,95310000,109
15,95310000,96700000,118
15,96700000,102280000,109
15,102280000,102330000,65
15,102330000,102400000,136
15,102400000,102531392,6
16,0,60000,0
16,60000,90000,9
16,90000,1260000,67
16,1260000,1310000,41
16,1310000,2140000,68
16,2140000,2190000,27
16,2190000,2600000,67
16,2600000,2700000,4
16,2700000,2750000,39
16,2750000,2930000,71
16,2930000,3250000,66
16,3250000,3800000,72
16,3800000,3930000,77
16,3930000,5130000,70
16,5130000,5350000,54
16,5350000,8230000,72
16,8230000,8640000,76
16,8640000,8690000,0
16,8690000,12010000,73
16,12010000,12170000,59
16,12170000,13500000,73
16,13500000,14170000,78
16,14170000,14370000,84
16,14370000,14540000,68
16,14540000,14780000,78
16,14780000,14890000,0
16,14890000,15040000,4
16,15040000,15160000,60
16,15160000,15200000,33
16,15200000,15480000,3
16,15480000,16310000,57
16,16310000,16370000,4
16,16370000,16510000,0
16,16510000,16630000,2
16,16630000,16740000,18
16,16740000,16850000,2
16,16850000,18170000,72
16,18170000,18360000,6
16,18360000,18530000,0
16,18530000,18780000,5
16,18780000,18940000,50
16,18940000,19010000,65
16,19010000,20430000,74
16,20430000,20450000,50
16,20450000,20610000,32
16,20610000,21370000,73
16,21370000,21420000,3
16,21420000,21510000,0
16,21510000,21760000,65
16,21760000,21940000,2
16,21940000,22450000,71
16,22450000,22540000,0
16,22540000,22620000,7
16,22620000,22710000,137
16,22710000,25400000,74
16,25400000,25510000,84
16,25510000,28340000,73
16,28340000,28480000,0
16,28480000,28660000,53
16,28660000,28820000,0
16,28820000,29040000,67
16,29040000,29060000,44
16,29060000,29110000,6
16,29110000,29330000,36
16,29330000,29370000,19
16,29370000,29470000,2
16,29470000,29540000,0
16,29540000,29590000,2
16,29590000,29650000,19
16,29650000,30200000,69
16,30200000,30320000,0
16,30320000,30360000,32
16,30360000,31960000,70
16,31960000,32040000,13
16,32040000,32340000,4
16,32340000,32670000,60
16,32670000,32800000,0
16,32800000,32960000,7
16,32960000,33100000,1
16,33100000,33290000,0
16,33290000,33340000,6
16,33340000,33640000,64
16,33640000,33820000,6
16,33820000,34030000,82
16,34030000,34170000,0
16,34170000,34720000,54
16,34720000,34770000,95
16,34770000,35290000,57
16,35290000,46380000,0
16,46380000,46430000,312
16,46430000,48970000,39
16,48970000,52060000,37
16,52060000,53660000,39
16,53660000,54070000,42
16,54070000,55790000,39
16,55790000,55870000,24
16,55870000,63280000,39
16,63280000,65140000,42
16,65140000,67170000,38
16,67170000,68610000,73
16,68610000,68800000,67
16,68800000,69980000,74
16,69980000,70280000,24
16,70280000,70850000,71
16,70850000,71010000,5
16,71010000,71150000,8
16,71150000,71200000,5
16,71200000,72090000,92
16,72090000,72160000,84
16,72160000,72240000,76
16,72240000,72560000,101
16,72560000,74360000,94
16,74360000,74410000,47
16,74410000,74460000,14
16,74460000,74590000,66
16,74590000,75180000,93
16,75180000,75400000,108
16,75400000,78370000,95
16,78370000,78490000,59
16,78490000,79090000,91
16,79090000,83970000,94
16,83970000,86260000,89
16,86260000,86320000,71
16,86320000,87510000,90
16,87510000,87560000,74
16,87560000,87890000,88
16,87890000,88110000,72
16,88110000,88180000,52
16,88180000,88310000,39
16,88310000,88390000,88
16,88390000,88440000,0
16,88440000,90170000,85
16,90170000,90300000,1
16,90300000,90354753,0
17,0,300000,64
17,300000,390000,0
17,390000,2950000,67
17,2950000,3260000,56
17,3260000,3910000,68
17,3910000,4250000,75
17,4250000,4540000,69
17,4540000,5190000,66
17,5190000,6920000,72
17,6920000,7760000,66
17,7760000,8300000,69
17,8300000,8570000,76
17,8570000,10270000,70
17,10270000,10400000,77
17,10400000,11930000,72
17,11930000,12080000,80
17,12080000,13020000,73
17,13020000,14070000,78
17,14070000,14150000,44
17,14150000,15430000,76
17,15430000,15780000,24
17,15780000,15800000,58
17,15800000,15910000,72
17,15910000,16060000,79
17,16060000,16360000,68
17,16360000,16560000,76
17,16560000,16590000,56
17,16590000,16770000,13
17,16770000,16800000,59
17,16800000,18240000,72
17,18240000,18290000,62
17,18290000,18340000,6
17,18340000,18410000,2
17,18410000,18510000,6
17,18510000,18730000,21
17,18730000,18750000,5
17,18750000,18930000,72
17,18930000,19140000,0
17,19140000,20230000,73
17,20230000,20460000,6
17,20460000,20600000,26
17,20600000,20730000,63
17,20730000,20810000,50
17,20810000,21190000,72
17,21190000,21330000,127
17,21330000,21570000,63
17,21570000,21660000,0
17,21660000,22270000,48
17,22270000,25260000,0
17,25260000,25300000,112
17,25300000,25390000,58
17,25390000,26370000,72
17,26370000,26520000,83
17,26520000,27600000,73
17,27600000,27780000,92
17,27780000,28210000,75
17,28210000,28880000,39
17,28880000,28940000,30
17,28940000,29000000,8
17,29000000,29100000,25
17,29100000,29380000,36
17,29380000,29710000,40
17,29710000,30260000,36
17,30260000,30350000,30
17,30350000,30420000,10
17,30420000,34460000,37
17,34460000,34510000,6
17,34510000,34810000,0
17,34810000,36210000,38
17,36210000,36250000,26
17,36250000,36350000,2
17,36350000,36410000,28
17,36410000,36470000,13
17,36470000,36620000,36
17,36620000,36690000,24
17,36690000,37920000,36
17,37920000,38060000,41
17,38060000,38500000,35
17,38500000,42280000,54
17,42280000,42430000,68
17,42430000,43390000,54
17,43390000,43520000,28
17,43520000,43640000,6
17,43640000,43710000,18
17,43710000,44300000,41
17,44300000,44370000,17
17,44370000,44780000,0
17,44780000,44950000,46
17,44950000,45090000,88
17,45090000,45140000,34
17,45140000,45520000,94
17,45520000,45550000,61
17,45550000,45670000,34
17,45670000,45710000,94
17,45710000,45740000,108
17,45740000,45850000,169
17,45850000,46230000,141
17,46230000,46500000,162
17,46500000,46610000,145
17,46610000,46700000,81
17,46700000,46890000,89
17,46890000,47850000,140
17,47850000,48930000,90
17,48930000,53870000,152
17,53870000,55280000,169
17,55280000,56630000,205
17,56630000,56700000,516
17,56700000,56810000,760
17,56810000,57040000,682
17,57040000,57200000,984
17,57200000,57650000,255
17,57650000,57680000,45
17,57680000,57900000,281
17,57900000,58110000,456
17,58110000,58880000,980
17,58880000,59290000,317
17,59290000,59490000,1246
17,59490000,59990000,1672
17,59990000,60250000,347
17,60250000,60640000,208
17,60640000,60690000,319
17,60690000,60890000,257
17,60890000,61030000,310
17,61030000,61180000,354
17,61180000,61470000,230
17,61470000,61530000,251
17,61530000,61890000,223
17,61890000,61940000,199
17,61940000,62000000,122
17,62000000,62080000,192
17,62080000,62340000,209
17,62340000,62380000,193
17,62380000,62410000,645
17,62410000,62460000,0
17,62460000,62790000,197
17,62790000,62930000,44
17,62930000,63720000,201
17,63720000,64180000,222
17,64180000,65070000,204
17,65070000,65200000,228
17,65200000,65950000,201
17,65950000,66410000,187
17,66410000,67340000,215
17,67340000,69910000,114
17,69910000,70080000,75
17,70080000,70300000,125
17,70300000,72830000,73
17,72830000,73280000,70
17,73280000,73820000,194
17,73820000,77470000,72
17,77470000,77630000,0
17,77630000,79710000,71
17,79710000,79760000,0
17,79760000,80910000,70
17,80910000,81110000,170
17,81110000,81195210,3
18,0,130000,13
18,130000,3210000,64
18,3210000,3280000,131
18,3280000,3800000,61
18,3800000,3980000,65
18,3980000,4600000,60
18,4600000,6940000,56
18,6940000,7570000,51
18,7570000,8950000,57
18,8950000,9180000,62
18,9180000,9610000,67
18,9610000,10560000,62
18,10560000,10600000,42
18,10600000,10660000,22
18,10660000,11610000,59
18,11610000,11650000,18
18,11650000,12170000,57
18,12170000,12230000,21
18,12230000,14130000,63
18,14130000,14360000,31
18,14360000,14680000,16
18,14680000,14730000,26
18,14730000,14790000,56
18,14790000,14900000,19
18,14900000,15020000,47
18,15020000,15420000,19
18,15420000,18510000,0
18,18510000,18540000,23
18,18540000,26160000,58
18,26160000,29510000,60
18,29510000,29840000,55
18,29840000,31340000,61
18,31340000,31470000,54
18,31470000,33760000,66
18,33760000,37420000,45
18,37420000,39990000,42
18,39990000,42630000,39
18,42630000,43310000,41
18,43310000,43410000,56
18,43410000,43620000,42
18,43620000,43780000,38
18,43780000,44240000,41
18,44240000,44340000,38
18,44340000,44490000,43
18,44490000,44560000,24
18,44560000,48080000,38
18,48080000,49220000,36
18,49220000,49280000,28
18,49280000,51050000,36
18,51050000,52060000,38
18,52060000,52200000,0
18,52200000,72280000,40
18,72280000,72330000,0
18,72330000,72770000,39
18,72770000,73630000,36
18,73630000,74060000,40
18,74060000,74960000,37
18,74960000,75720000,34
18,75720000,75770000,0
18,75770000,78020000,33
18,78020000,78077248,0
19,0,230000,0
19,230000,250000,2
19,250000,1200000,31
19,1200000,1260000,48
19,1260000,2490000,33
19,2490000,3970000,28
19,3970000,4400000,59
19,4400000,5560000,28
19,5560000,5900000,33
19,5900000,6310000,36
19,6310000,7020000,34
19,7020000,7070000,2
19,7070000,7310000,33
19,7310000,7340000,1
19,7340000,7390000,0
19,7390000,8690000,31
19,8690000,8740000,0
19,8740000,8850000,34
19,8850000,8900000,1
19,8900000,10050000,35
19,10050000,10330000,69
19,10330000,10690000,65
19,10690000,11000000,69
19,11000000,11100000,84
19,11100000,12500000,69
19,12500000,12560000,53
19,12560000,13370000,68
19,13370000,13810000,71
19,13810000,14300000,66
19,14300000,14410000,47
19,14410000,17230000,70
19,17230000,17880000,33
19,17880000,19450000,67
19,19450000,19540000,86
19,19540000,19620000,92
19,19620000,20500000,70
19,20500000,20530000,4
19,20530000,20580000,0
19,20580000,20620000,17
19,20620000,21050000,68
19,21050000,21100000,87
19,21100000,22560000,70
19,22560000,22610000,49
19,22610000,22830000,67
19,22830000,22880000,43
19,22880000,24300000,70
19,24300000,24510000,82
19,24510000,24610000,127
19,24610000,27730000,0
19,27730000,27830000,85
19,27830000,27890000,219
19,27890000,28120000,86
19,28120000,33470000,73
19,33470000,33520000,55
19,33520000,35840000,72
19,35840000,35870000,55
19,35870000,36740000,68
19,36740000,36760000,52
19,36760000,36810000,0
19,36810000,37750000,70
19,37750000,37800000,4
19,37800000,37830000,61
19,37830000,38320000,74
19,38320000,39240000,69
19,39240000,39290000,53
19,39290000,40360000,69
19,40360000,40410000,8
19,40410000,41320000,69
19,41320000,41400000,44
19,41400000,42000000,66
19,42000000,42250000,76
19,42250000,42950000,68
19,42950000,43210000,74
19,43210000,43900000,50
19,43900000,44290000,70
19,44290000,44860000,78
19,44860000,46550000,67
19,46550000,46680000,77
19,46680000,47020000,68
19,47020000,47100000,75
19,47100000,47370000,68
19,47370000,47500000,76
19,47500000,48410000,66
19,48410000,48460000,0
19,48460000,48760000,70
19,48760000,49520000,66
19,49520000,49570000,35
19,49570000,50580000,66
19,50580000,50630000,3
19,50630000,51310000,62
19,51310000,52980000,70
19,52980000,55240000,62
19,55240000,55370000,4
19,55370000,59090000,67
19,59090000,59128983,10
20,0,60000,0
20,60000,1290000,52
20,1290000,1430000,66
20,1430000,1550000,54
20,1550000,1600000,5
20,1600000,3730000,51
20,3730000,3870000,92
20,3870000,6660000,51
20,6660000,7090000,110
20,7090000,7110000,73
20,7110000,7290000,113
20,7290000,7830000,116
20,7830000,7910000,137
20,7910000,8410000,118
20,8410000,12320000,110
20,12320000,12650000,99
20,12650000,14110000,110
20,14110000,14710000,95
20,14710000,14920000,110
20,14920000,15160000,66
20,15160000,15260000,96
20,15260000,17590000,114
20,17590000,20390000,109
20,20390000,20720000,115
20,20720000,25740000,107
20,25740000,25770000,16
20,25770000,25820000,0
20,25820000,26000000,69
20,26000000,26050000,0
20,26050000,26320000,82
20,26320000,29410000,0
20,29410000,29660000,70
20,29660000,29800000,0
20,29800000,29910000,120
20,29910000,30830000,105
20,30830000,34230000,74
20,34230000,34350000,93
20,34350000,34900000,73
20,34900000,34950000,0
20,34950000,35580000,72
20,35580000,35630000,62
20,35630000,36180000,73
20,36180000,36350000,93
20,36350000,36490000,100
20,36490000,36610000,89
20,36610000,36730000,100
20,36730000,37780000,75
20,37780000,39510000,79
20,39510000,39660000,169
20,39660000,39780000,209
20,39780000,40870000,176
20,40870000,41000000,135
20,41000000,41310000,183
20,41310000,42200000,74
20,42200000,42310000,84
20,42310000,43440000,92
20,43440000,43910000,100
20,43910000,44130000,94
20,44130000,44270000,100
20,44270000,45360000,93
20,45360000,45510000,114
20,45510000,45770000,131
20,45770000,45800000,449
20,45800000,45900000,1056
20,45900000,45960000,1111
20,45960000,46020000,1048
20,46020000,46130000,1205
20,46130000,46380000,1000
20,46380000,46550000,508
20,46550000,46650000,618
20,46650000,46700000,747
20,46700000,46750000,603
20,46750000,46820000,486
20,46820000,47290000,421
20,47290000,47540000,478
20,47540000,47920000,129
20,47920000,48080000,150
20,48080000,48490000,129
20,48490000,48730000,218
20,48730000,49280000,251
20,49280000,49430000,1085
20,49430000,49740000,204
20,49740000,49960000,222
20,49960000,50180000,213
20,50180000,50250000,248
20,50250000,50620000,314
20,50620000,50650000,202
20,50650000,50720000,139
20,50720000,50970000,114
20,50970000,52180000,133
20,52180000,52210000,1275
20,52210000,52270000,1701
20,52270000,52470000,1963
20,52470000,52630000,1676
20,52630000,52820000,1249
20,52820000,53560000,981
20,53560000,54170000,208
20,54170000,55500000,165
20,55500000,55670000,237
20,55670000,55860000,1475
20,55860000,56810000,241
20,56810000,57360000,258
20,57360000,57770000,238
20,57770000,58190000,181
20,58190000,58260000,233
20,58260000,58440000,244
20,58440000,58500000,275
20,58500000,58850000,247
20,58850000,59190000,222
20,59190000,59580000,180
20,59580000,59630000,151
20,59630000,60100000,177
20,60100000,61100000,145
20,61100000,61140000,0
20,61140000,61220000,137
20,61220000,61260000,0
20,61260000,62920000,153
20,62920000,62970000,12
20,62970000,63025520,0
21,0,9410000,0
21,9410000,9600000,4
21,9600000,9820000,0
21,9820000,9890000,12
21,9890000,10370000,0
21,10370000,10400000,1
21,10400000,10640000,47
21,10640000,10690000,0
21,10690000,10860000,339
21,10860000,11030000,105
21,11030000,11100000,277
21,11100000,11190000,73
21,11190000,14330000,0
21,14330000,14450000,41
21,14450000,14590000,6
21,14590000,14960000,19
21,14960000,15200000,0
21,15200000,15270000,34
21,15270000,15410000,22
21,15410000,15480000,42
21,15480000,15650000,53
21,15650000,17280000,56
21,17280000,18460000,52
21,18460000,19300000,48
21,19300000,22220000,54
21,22220000,22510000,55
21,22510000,23260000,58
21,23260000,23900000,56
21,23900000,24970000,54
21,24970000,26570000,52
21,26570000,27060000,53
21,27060000,27610000,50
21,27610000,27660000,71
21,27660000,29220000,52
21,29220000,29430000,33
21,29430000,32170000,53
21,32170000,36190000,50
21,36190000,36240000,83
21,36240000,37400000,52
21,37400000,38170000,48
21,38170000,39380000,52
21,39380000,39480000,126
21,39480000,39550000,168
21,39550000,40030000,129
21,40030000,40530000,123
21,40530000,40660000,136
21,40660000,41370000,125
21,41370000,41420000,91
21,41420000,42280000,131
21,42280000,42960000,119
21,42960000,43010000,0
21,43010000,44270000,120
21,44270000,44640000,93
21,44640000,44710000,0
21,44710000,44910000,96
21,44910000,45100000,106
21,45100000,46500000,97
21,46500000,46670000,109
21,46670000,47070000,96
21,47070000,47220000,110
21,47220000,47880000,98
21,47880000,48100000,109
21,48100000,48129895,7
22,0,16050000,0
22,16050000,16700000,1
22,16700000,16840000,0
22,16840000,16960000,21
22,16960000,17010000,0
22,17010000,17160000,26
22,17160000,17260000,4
22,17260000,17390000,32
22,17390000,17470000,55
22,17470000,17520000,33
22,17520000,18510000,52
22,18510000,18560000,66
22,18560000,18640000,52
22,18640000,18660000,17
22,18660000,18870000,1
22,18870000,18960000,29
22,18960000,20250000,54
22,20250000,20330000,28
22,20330000,20510000,1
22,20510000,20700000,0
22,20700000,21470000,47
22,21470000,21640000,1
22,21640000,21790000,0
22,21790000,21910000,1
22,21910000,22610000,52
22,22610000,22670000,17
22,22670000,24280000,49
22,24280000,24350000,14
22,24350000,24400000,29
22,24400000,24570000,56
22,24570000,24630000,48
22,24630000,24700000,35
22,24700000,25000000,55
22,25000000,25070000,19
22,25070000,25410000,53
22,25410000,25460000,2
22,25460000,25620000,52
22,25620000,25720000,37
22,25720000,25850000,47
22,25850000,25870000,35
22,25870000,26020000,49
22,26020000,26910000,54
22,26910000,27070000,50
22,27070000,27830000,54
22,27830000,28210000,51
22,28210000,28260000,3
22,28260000,29120000,56
22,29120000,29230000,72
22,29230000,29750000,55
22,29750000,29820000,43
22,29820000,30260000,54
22,30260000,30590000,58
22,30590000,32530000,53
22,32530000,32590000,42
22,32590000,32670000,55
22,32670000,32760000,49
22,32760000,33040000,55
22,33040000,33090000,3
22,33090000,33540000,53
22,33540000,33650000,58
22,33650000,34360000,53
22,34360000,34720000,56
22,34720000,35070000,72
22,35070000,36140000,36
22,36140000,36420000,41
22,36420000,36780000,35
22,36780000,36940000,51
22,36940000,38750000,36
22,38750000,38800000,19
22,38800000,39350000,36
22,39350000,39480000,29
22,39480000,42890000,36
22,42890000,42980000,23
22,42980000,43940000,35
22,43940000,44210000,38
22,44210000,46050000,36
22,46050000,46260000,41
22,46260000,46880000,36
22,46880000,47030000,33
22,47030000,48360000,37
22,48360000,51304566,0
X,0,140000,0
X,140000,240000,5
X,240000,280000,0
X,280000,1040000,21
X,1040000,1180000,0
X,1180000,1270000,5
X,1270000,1310000,0
X,1310000,2070000,21
X,2070000,2120000,0
X,2120000,2700000,22
X,2700000,3750000,35
X,3750000,3840000,0
X,3840000,3890000,11
X,3890000,6920000,38
X,6920000,6970000,30
X,6970000,7620000,38
X,7620000,7670000,0
X,7670000,10740000,38
X,10740000,10790000,0
X,10790000,11070000,39
X,11070000,11130000,75
X,11130000,16750000,39
X,16750000,16810000,55
X,16810000,18190000,39
X,18190000,20150000,37
X,20150000,29320000,39
X,29320000,29400000,20
X,29400000,31560000,40
X,31560000,32640000,42
X,32640000,36980000,39
X,36980000,37100000,30
X,37100000,37150000,0
X,37150000,37350000,39
X,37350000,37450000,28
X,37450000,39270000,40
X,39270000,39940000,36
X,39940000,40190000,34
X,40190000,44280000,39
X,44280000,44870000,36
X,44870000,46930000,39
X,46930000,47530000,36
X,47530000,47860000,39
X,47860000,48160000,30
X,48160000,48230000,22
X,48230000,48280000,1
X,48280000,48300000,15
X,48300000,49180000,35
X,49180000,49350000,0
X,49350000,49970000,32
X,49970000,50020000,0
X,50020000,51770000,34
X,51770000,51820000,0
X,51820000,52110000,23
X,52110000,52560000,0
X,52560000,52730000,15
X,52730000,52810000,0
X,52810000,52910000,24
X,52910000,53000000,2
X,53000000,55480000,37
X,55480000,55540000,0
X,55540000,58500000,38
X,58500000,58570000,3
X,58570000,61680000,0
X,61680000,61720000,1
X,61720000,62040000,43
X,62040000,62350000,38
X,62350000,62460000,0
X,62460000,70870000,37
X,70870000,70910000,27
X,70910000,71010000,0
X,71010000,71970000,36
X,71970000,72190000,0
X,72190000,72340000,22
X,72340000,76650000,37
X,76650000,76700000,0
X,76700000,88460000,40
X,88460000,89260000,9
X,89260000,89350000,40
X,89350000,89870000,11
X,89870000,89920000,19
X,89920000,90190000,12
X,90190000,90280000,8
X,90280000,90400000,40
X,90400000,90510000,8
X,90510000,90740000,40
X,90740000,91430000,11
X,91430000,91540000,35
X,91540000,91610000,13
X,91610000,92110000,9
X,92110000,92370000,13
X,92370000,92990000,39
X,92990000,99710000,59
X,99710000,99800000,78
X,99800000,100790000,56
X,100790000,100880000,44
X,100880000,101440000,56
X,101440000,101460000,23
X,101460000,101740000,0
X,101740000,103220000,56
X,103220000,103330000,15
X,103330000,113520000,57
X,113520000,113570000,0
X,113570000,114960000,55
X,114960000,115010000,0
X,115010000,115680000,62
X,115680000,115730000,0
X,115730000,119170000,56
X,119170000,119210000,1
X,119210000,119290000,48
X,119290000,119330000,1
X,119330000,120010000,57
X,120010000,120120000,0
X,120120000,122370000,60
X,122370000,122860000,80
X,122860000,123090000,70
X,123090000,134250000,57
X,134250000,134390000,0
X,134390000,134860000,53
X,134860000,134970000,1
X,134970000,140090000,57
X,140090000,140180000,0
X,140180000,140210000,4
X,140210000,140560000,55
X,140560000,140580000,3
X,140580000,140670000,0
X,140670000,143160000,56
X,143160000,143290000,2
X,143290000,143510000,55
X,143510000,143560000,0
X,143560000,148620000,56
X,148620000,148810000,9
X,148810000,149080000,0
X,149080000,149120000,11
X,149120000,151850000,56
X,151850000,151950000,0
X,151950000,152230000,49
X,152230000,152460000,0
X,152460000,152560000,11
X,152560000,153410000,52
X,153410000,153440000,2
X,153440000,153520000,0
X,153520000,154680000,36
X,154680000,154730000,0
X,154730000,155270560,30
Y,0,9900000,0
Y,9900000,10080000,1
Y,10080000,58960000,0
Y,58960000,59040000,1
